date,tod,year,experiment,season,mesocosm,type,treatment,temp,sal_cor,do_perc,do_mg,ph_nbs,pH_total,tit temp,TA_seacarb
7/11/2023,day,2,8,smr,NA,in,lta.co2,NA,NA,NA,NA,NA,NA,25.3,2110.3
7/11/2023,day,2,8,smr,1,out,lta.co2,26.4,34.88,110.2,7.33,7.74,7.72,25.2,2083.1
7/11/2023,day,2,8,smr,2,out,lta.co2,26.2,34.94,109.9,7.33,7.72,7.69,24.5,2106.8
7/11/2023,day,2,8,smr,3,out,lta.co2,26.2,34.94,109.3,7.28,7.76,7.75,24,2079.1
7/11/2023,day,2,8,smr,NA,in,co2,NA,NA,NA,NA,NA,NA,25,2194.8
7/11/2023,day,2,8,smr,4,out,co2,26.2,34.93,110.6,7.36,7.74,7.71,25,2164.3
7/11/2023,day,2,8,smr,5,out,co2,26.1,34.93,109.2,7.28,7.77,7.76,25,2150
7/11/2023,day,2,8,smr,6,out,co2,26,34.93,110.2,7.34,7.83,7.82,25,2165.6
7/11/2023,day,2,8,smr,NA,in,lta,NA,NA,NA,NA,NA,NA,25,2092
7/11/2023,day,2,8,smr,7,out,lta,26.3,34.91,111.7,7.46,7.9,7.88,24.9,2058.5
7/11/2023,day,2,8,smr,8,out,lta,26.1,34.92,110.2,7.34,7.91,7.89,24.3,2083.8
7/11/2023,day,2,8,smr,9,out,lta,26.3,34.92,108.8,7.25,7.92,7.9,24.6,2052.6
7/11/2023,day,2,8,smr,NA,in,c,NA,NA,NA,NA,NA,NA,25,2202
7/11/2023,day,2,8,smr,10,out,c,26.2,34.9,106.6,7.27,8.03,8.02,25,2171.8
7/11/2023,day,2,8,smr,11,out,c,26.3,34.93,111.7,7.42,8.03,8.01,25,2166.7
7/11/2023,day,2,8,smr,12,out,c,26.3,34.91,110.4,7.37,8.05,8.03,25,2141.7
7/17/2023,day,2,8,smr,NA,in,lta.co2,NA,NA,NA,NA,NA,NA,25.9,2129.7
7/17/2023,day,2,8,smr,1,out,lta.co2,27.2,35.08,7.95,121.6,7.71,NA,24.3,2093.5
7/17/2023,day,2,8,smr,2,out,lta.co2,27,34.91,7.31,111.4,7.75,NA,25.7,2101.6
7/17/2023,day,2,8,smr,3,out,lta.co2,26.9,34.93,7.45,113.4,7.77,NA,24.9,2104.8
7/17/2023,day,2,8,smr,NA,in,co2,NA,NA,NA,NA,NA,NA,25.9,2203.9
7/17/2023,day,2,8,smr,4,out,co2,27.2,34.94,7.66,117.1,7.85,NA,24.4,2186
7/17/2023,day,2,8,smr,5,out,co2,27.1,34.9,7.57,115.5,7.77,NA,25.7,2183.4
7/17/2023,day,2,8,smr,6,out,co2,27.1,34.89,7.38,112.6,7.7,NA,24.9,2180.7
7/17/2023,day,2,8,smr,NA,in,lta,NA,NA,NA,NA,NA,NA,25.2,2121.2
7/17/2023,day,2,8,smr,7,out,lta,27,34.9,7.53,114.7,7.93,NA,25.3,2082.2
7/17/2023,day,2,8,smr,8,out,lta,27.2,34.93,7.59,115.9,7.97,NA,25.5,2068.4
7/17/2023,day,2,8,smr,9,out,lta,27.2,34.92,7.45,113.9,7.98,NA,25.8,2105.1
7/17/2023,day,2,8,smr,NA,in,c,NA,NA,NA,NA,NA,NA,25.2,2217.2
7/17/2023,day,2,8,smr,10,out,c,27.1,34.95,7.71,118.1,8.09,NA,25.7,2182.4
7/17/2023,day,2,8,smr,11,out,c,27.1,34.91,7.63,116.4,8.08,NA,25.5,2181.7
7/17/2023,day,2,8,smr,12,out,c,27.1,34.91,7.55,115.7,8.1,NA,25.8,2182.2
7/18/2023,day,2,8,smr,NA,in,lta.co2,NA,NA,NA,NA,NA,NA,NA,NA
7/18/2023,day,2,8,smr,1,out,lta.co2,26.5,34.92,116.6,7.68,7.72,7.7,NA,NA
7/18/2023,day,2,8,smr,2,out,lta.co2,26.5,34.91,116.7,7.72,7.81,7.79,NA,NA
7/18/2023,day,2,8,smr,3,out,lta.co2,26.6,34.92,116.4,7.71,7.81,7.79,NA,NA
7/18/2023,day,2,8,smr,NA,in,co2,NA,NA,NA,NA,NA,NA,NA,NA
7/18/2023,day,2,8,smr,4,out,co2,26.7,34.93,115.4,7.62,7.82,7.8,NA,NA
7/18/2023,day,2,8,smr,5,out,co2,26.7,34.92,117,7.73,7.78,7.77,NA,NA
7/18/2023,day,2,8,smr,6,out,co2,26.7,34.91,118.9,7.85,7.8,7.78,NA,NA
7/18/2023,day,2,8,smr,NA,in,lta,NA,NA,NA,NA,NA,NA,NA,NA
7/18/2023,day,2,8,smr,7,out,lta,26.8,34.91,119.5,7.87,7.94,7.92,NA,NA
7/18/2023,day,2,8,smr,8,out,lta,26.8,34.92,117.5,7.75,7.96,7.95,NA,NA
7/18/2023,day,2,8,smr,9,out,lta,26.8,34.95,117.7,7.76,7.98,7.96,NA,NA
7/18/2023,day,2,8,smr,NA,in,c,NA,NA,NA,NA,NA,NA,NA,NA
7/18/2023,day,2,8,smr,10,out,c,26.8,34.94,119.5,7.88,8.09,8.07,NA,NA
7/18/2023,day,2,8,smr,11,out,c,26.8,34.94,120.7,7.96,8.1,8.08,NA,NA
7/18/2023,day,2,8,smr,12,out,c,26.8,34.94,123.5,8.14,8.12,8.1,NA,NA
7/19/2023,day,2,8,smr,NA,in,lta.co2,NA,NA,NA,NA,NA,NA,NA,NA
7/19/2023,day,2,8,smr,1,out,lta.co2,26.3,34.88,112.3,7.47,7.68,7.66,NA,NA
7/19/2023,day,2,8,smr,2,out,lta.co2,26.4,34.9,112,7.44,7.77,7.75,NA,NA
7/19/2023,day,2,8,smr,3,out,lta.co2,26.3,34.91,112.1,7.45,7.77,7.75,NA,NA
7/19/2023,day,2,8,smr,NA,in,co2,NA,NA,NA,NA,NA,NA,NA,NA
7/19/2023,day,2,8,smr,4,out,co2,26.4,34.9,111.8,7.42,7.77,7.77,NA,NA
7/19/2023,day,2,8,smr,5,out,co2,26.4,34.91,112.6,7.47,7.76,7.73,NA,NA
7/19/2023,day,2,8,smr,6,out,co2,26.4,34.94,114.1,7.57,7.76,7.74,NA,NA
7/19/2023,day,2,8,smr,NA,in,lta,NA,NA,NA,NA,NA,NA,NA,NA
7/19/2023,day,2,8,smr,7,out,lta,26.5,34.94,116.1,7.69,7.9,7.88,NA,NA
7/19/2023,day,2,8,smr,8,out,lta,26.5,34.96,114.8,7.61,7.93,7.91,NA,NA
7/19/2023,day,2,8,smr,9,out,lta,26.5,34.97,114.8,7.6,7.94,7.92,NA,NA
7/19/2023,day,2,8,smr,NA,in,c,NA,NA,NA,NA,NA,NA,NA,NA
7/19/2023,day,2,8,smr,10,out,c,26.5,34.98,115.8,7.67,8.06,8.04,NA,NA
7/19/2023,day,2,8,smr,11,out,c,26.5,34.97,116.9,7.75,8.07,8.06,NA,NA
7/19/2023,day,2,8,smr,12,out,c,26.5,35,118.9,7.88,8.08,8.06,NA,NA
7/20/2023,day,2,8,smr,NA,in,lta.co2,NA,NA,NA,NA,NA,NA,NA,NA
7/20/2023,day,2,8,smr,1,out,lta.co2,26.4,34.85,119.7,7.96,7.82,7.8,NA,NA
7/20/2023,day,2,8,smr,2,out,lta.co2,26.5,35.19,117.7,7.81,7.82,7.8,NA,NA
7/20/2023,day,2,8,smr,3,out,lta.co2,26.5,35.09,118.1,7.83,7.81,7.79,NA,NA
7/20/2023,day,2,8,smr,NA,in,co2,NA,NA,NA,NA,NA,NA,NA,NA
7/20/2023,day,2,8,smr,4,out,co2,26.7,35.46,117.3,7.76,7.83,7.82,NA,NA
7/20/2023,day,2,8,smr,5,out,co2,26.6,35.1,118.6,7.86,7.81,7.79,NA,NA
7/20/2023,day,2,8,smr,6,out,co2,26.6,35.04,120.2,7.95,7.8,7.79,NA,NA
7/20/2023,day,2,8,smr,NA,in,lta,NA,NA,NA,NA,NA,NA,NA,NA
7/20/2023,day,2,8,smr,7,out,lta,26.8,35.06,120.8,7.98,7.95,7.94,NA,NA
7/20/2023,day,2,8,smr,8,out,lta,26.7,34.96,117.3,7.75,7.97,7.96,NA,NA
7/20/2023,day,2,8,smr,9,out,lta,26.7,35.02,116,7.66,7.98,7.96,NA,NA
7/20/2023,day,2,8,smr,NA,in,c,NA,NA,NA,NA,NA,NA,NA,NA
7/20/2023,day,2,8,smr,10,out,c,26.7,35.01,134.5,8.91,8.07,8.06,NA,NA
7/20/2023,day,2,8,smr,11,out,c,26.7,35.01,119,7.87,8.09,8.08,NA,NA
7/20/2023,day,2,8,smr,12,out,c,26.7,35.58,117.5,7.77,8.1,8.08,NA,NA
7/21/2023,day,2,8,smr,NA,in,lta.co2,NA,NA,NA,NA,NA,NA,NA,NA
7/21/2023,day,2,8,smr,1,out,lta.co2,26.5,34.92,117.1,7.76,7.8,7.78,NA,NA
7/21/2023,day,2,8,smr,2,out,lta.co2,26.5,34.93,114.3,7.58,7.78,7.76,NA,NA
7/21/2023,day,2,8,smr,3,out,lta.co2,26.5,34.93,115.3,7.65,7.8,7.78,NA,NA
7/21/2023,day,2,8,smr,NA,in,co2,NA,NA,NA,NA,NA,NA,NA,NA
7/21/2023,day,2,8,smr,4,out,co2,26.6,34.88,115.5,7.65,7.82,7.8,NA,NA
7/21/2023,day,2,8,smr,5,out,co2,26.6,34.9,116.5,7.72,7.78,7.76,NA,NA
7/21/2023,day,2,8,smr,6,out,co2,26.6,34.9,115.2,7.63,7.76,7.74,NA,NA
7/21/2023,day,2,8,smr,NA,in,lta,NA,NA,NA,NA,NA,NA,NA,NA
7/21/2023,day,2,8,smr,7,out,lta,26.6,34.89,119.8,7.94,7.95,7.94,NA,NA
7/21/2023,day,2,8,smr,8,out,lta,26.6,34.89,116.5,7.71,7.97,7.96,NA,NA
7/21/2023,day,2,8,smr,9,out,lta,26.7,34.88,116.9,7.74,7.94,7.97,NA,NA
7/21/2023,day,2,8,smr,NA,in,c,NA,NA,NA,NA,NA,NA,NA,NA
7/21/2023,day,2,8,smr,10,out,c,26.5,34.87,113.6,7.54,8.09,8.07,NA,NA
7/21/2023,day,2,8,smr,11,out,c,26.6,34.85,118.4,7.84,8.09,8.08,NA,NA
7/21/2023,day,2,8,smr,12,out,c,26.7,34.86,117.1,7.75,8.1,8.08,NA,NA
7/23/2023,day,2,8,smr,NA,in,lta.co2,NA,NA,NA,NA,NA,NA,NA,NA
7/23/2023,day,2,8,smr,1,out,lta.co2,27.3,34.88,122.1,7.99,7.83,7.82,NA,NA
7/23/2023,day,2,8,smr,2,out,lta.co2,27.4,34.88,117.5,7.69,7.8,7.78,NA,NA
7/23/2023,day,2,8,smr,3,out,lta.co2,27.3,34.88,119.2,7.81,7.85,7.84,NA,NA
7/23/2023,day,2,8,smr,NA,in,co2,NA,NA,NA,NA,NA,NA,NA,NA
7/23/2023,day,2,8,smr,4,out,co2,27.4,34.84,120.6,7.88,7.83,7.81,NA,NA
7/23/2023,day,2,8,smr,5,out,co2,27.4,34.85,121.3,7.93,7.77,7.75,NA,NA
7/23/2023,day,2,8,smr,6,out,co2,27.5,34.85,122,7.98,7.74,7.75,NA,NA
7/23/2023,day,2,8,smr,NA,in,lta,NA,NA,NA,NA,NA,NA,NA,NA
7/23/2023,day,2,8,smr,7,out,lta,27.4,34.83,124.2,8.14,7.99,7.98,NA,NA
7/23/2023,day,2,8,smr,8,out,lta,27.5,34.85,121,7.9,8.02,8,NA,NA
7/23/2023,day,2,8,smr,9,out,lta,27.6,34.86,121.5,7.93,8.02,8.01,NA,NA
7/23/2023,day,2,8,smr,NA,in,c,NA,NA,NA,NA,NA,NA,NA,NA
7/23/2023,day,2,8,smr,10,out,c,27.4,34.86,121.6,7.95,8.13,7.98,NA,NA
7/23/2023,day,2,8,smr,11,out,c,27.5,34.86,123.3,8.05,8.12,8.11,NA,NA
7/23/2023,day,2,8,smr,12,out,c,27.6,34.86,123.1,8.03,8.14,8.12,NA,NA
7/24/2023,day,2,8,smr,NA,in,lta.co2,NA,NA,NA,NA,NA,NA,25.2,2098.9
7/24/2023,day,2,8,smr,1,out,lta.co2,26.9,34.91,7.39,112,7.75,NA,25.3,2083.3
7/24/2023,day,2,8,smr,2,out,lta.co2,26.9,34.89,7.19,108.9,7.69,NA,25.4,2078.7
7/24/2023,day,2,8,smr,3,out,lta.co2,26.9,34.81,7.31,110.8,7.72,NA,25.4,2088
7/24/2023,day,2,8,smr,NA,in,co2,NA,NA,NA,NA,NA,NA,25.8,2194.2
7/24/2023,day,2,8,smr,4,out,co2,27,34.88,7.29,110.7,7.85,NA,25.3,2173.4
7/24/2023,day,2,8,smr,5,out,co2,26.9,34.87,7.24,109.8,7.75,NA,25.4,2178.5
7/24/2023,day,2,8,smr,6,out,co2,26.9,34.87,7.25,109.8,7.73,NA,24.3,2178.5
7/24/2023,day,2,8,smr,NA,in,lta,NA,NA,NA,NA,NA,NA,25.3,2084.1
7/24/2023,day,2,8,smr,7,out,lta,27,34.88,7.43,112.9,7.9,NA,25.3,2070.7
7/24/2023,day,2,8,smr,8,out,lta,27,34.89,7.31,111,7.92,NA,25.5,2064.9
7/24/2023,day,2,8,smr,9,out,lta,27,34.84,7.3,110.9,7.92,NA,25,2077.1
7/24/2023,day,2,8,smr,NA,in,c,NA,NA,NA,NA,NA,NA,25.3,2190.8
7/24/2023,day,2,8,smr,10,out,c,27,34.86,7.32,111.1,8.04,NA,25.3,2170.2
7/24/2023,day,2,8,smr,11,out,c,27,34.89,7.37,111.9,8.04,NA,25.5,2174.6
7/24/2023,day,2,8,smr,12,out,c,27,34.87,7.4,112.4,8.05,NA,24.8,2173.6
7/26/2023,day,2,8,smr,NA,in,lta.co2,NA,NA,NA,NA,NA,NA,NA,NA
7/26/2023,day,2,8,smr,1,out,lta.co2,27.4,34.97,8.02,122.6,7.79,NA,NA,NA
7/26/2023,day,2,8,smr,2,out,lta.co2,27.5,34.96,7.74,118.2,7.78,NA,NA,NA
7/26/2023,day,2,8,smr,3,out,lta.co2,27.5,34.96,7.88,180.2,7.79,NA,NA,NA
7/26/2023,day,2,8,smr,NA,in,co2,NA,NA,NA,NA,NA,NA,NA,NA
7/26/2023,day,2,8,smr,4,out,co2,27.7,34.95,7.91,121.2,7.79,NA,NA,NA
7/26/2023,day,2,8,smr,5,out,co2,27.6,34.99,7.88,120.4,7.87,NA,NA,NA
7/26/2023,day,2,8,smr,6,out,co2,27.6,34.96,8.08,123.4,7.89,NA,NA,NA
7/26/2023,day,2,8,smr,NA,in,lta,NA,NA,NA,NA,NA,NA,NA,NA
7/26/2023,day,2,8,smr,7,out,lta,27.7,34.96,8.48,129.8,8.02,NA,NA,NA
7/26/2023,day,2,8,smr,8,out,lta,27.7,34.97,8.15,124.8,8.01,NA,NA,NA
7/26/2023,day,2,8,smr,9,out,lta,27.8,34.95,7.94,121.8,8.01,NA,NA,NA
7/26/2023,day,2,8,smr,NA,in,c,NA,NA,NA,NA,NA,NA,NA,NA
7/26/2023,day,2,8,smr,10,out,c,27.8,34.96,8.12,124.1,8.15,NA,NA,NA
7/26/2023,day,2,8,smr,11,out,c,27.6,34.97,8.24,126.3,8.15,NA,NA,NA
7/26/2023,day,2,8,smr,12,out,c,27.7,34.95,8.11,124.3,8.16,NA,NA,NA
7/27/2023,day,2,8,smr,NA,in,lta.co2,NA,NA,NA,NA,NA,NA,NA,NA
7/27/2023,day,2,8,smr,1,out,lta.co2,27.3,34.89,113.3,7.43,7.78,7.76,NA,NA
7/27/2023,day,2,8,smr,2,out,lta.co2,27.3,34.86,111.5,7.3,7.8,7.78,NA,NA
7/27/2023,day,2,8,smr,3,out,lta.co2,27.3,34.85,113.1,7.42,7.83,7.82,NA,NA
7/27/2023,day,2,8,smr,NA,in,co2,NA,NA,NA,NA,NA,NA,NA,NA
7/27/2023,day,2,8,smr,4,out,co2,27.6,34.85,113.2,7.39,7.79,7.77,NA,NA
7/27/2023,day,2,8,smr,5,out,co2,27.5,34.89,114.3,7.47,7.86,7.84,NA,NA
7/27/2023,day,2,8,smr,6,out,co2,27.5,34.88,114.4,7.48,7.84,7.82,NA,NA
7/27/2023,day,2,8,smr,NA,in,lta,NA,NA,NA,NA,NA,NA,NA,NA
7/27/2023,day,2,8,smr,7,out,lta,27.6,34.86,117.1,7.64,7.94,7.93,NA,NA
7/27/2023,day,2,8,smr,8,out,lta,27.7,34.88,115.4,7.52,7.96,7.95,NA,NA
7/27/2023,day,2,8,smr,9,out,lta,27.7,34.87,115.4,7.51,7.97,7.96,NA,NA
7/27/2023,day,2,8,smr,NA,in,c,NA,NA,NA,NA,NA,NA,NA,NA
7/27/2023,day,2,8,smr,10,out,c,27.6,34.87,114,7.94,8.06,8.05,NA,NA
7/27/2023,day,2,8,smr,11,out,c,27.6,34.86,118.8,7.75,8.07,8.06,NA,NA
7/27/2023,day,2,8,smr,12,out,c,27.6,34.91,116.7,7.62,8.08,8.06,NA,NA
7/28/2023,day,2,8,smr,NA,in,lta.co2,NA,NA,NA,NA,NA,NA,NA,NA
7/28/2023,day,2,8,smr,1,out,lta.co2,27.4,34.91,115.7,7.57,7.89,7.87,NA,NA
7/28/2023,day,2,8,smr,2,out,lta.co2,27.4,34.89,114,7.47,7.88,7.86,NA,NA
7/28/2023,day,2,8,smr,3,out,lta.co2,27.3,34.94,114.7,7.52,7.86,7.85,NA,NA
7/28/2023,day,2,8,smr,NA,in,co2,NA,NA,NA,NA,NA,NA,NA,NA
7/28/2023,day,2,8,smr,4,out,co2,27.6,34.89,113.7,7.42,7.76,7.74,NA,NA
7/28/2023,day,2,8,smr,5,out,co2,27.5,34.86,114.9,7.51,7.86,7.85,NA,NA
7/28/2023,day,2,8,smr,6,out,co2,27.5,35.4,114.3,7.47,7.89,7.87,NA,NA
7/28/2023,day,2,8,smr,NA,in,lta,NA,NA,NA,NA,NA,NA,NA,NA
7/28/2023,day,2,8,smr,7,out,lta,27.5,34.87,116.1,7.58,7.97,7.96,NA,NA
7/28/2023,day,2,8,smr,8,out,lta,27.5,34.85,114.8,7.49,7.99,7.98,NA,NA
7/28/2023,day,2,8,smr,9,out,lta,27.6,34.88,112.7,7.35,8,7.98,NA,NA
7/28/2023,day,2,8,smr,NA,in,c,NA,NA,NA,NA,NA,NA,NA,NA
7/28/2023,day,2,8,smr,10,out,c,27.4,34.88,109.6,7.17,8.08,8.07,NA,NA
7/28/2023,day,2,8,smr,11,out,c,27.4,34.86,111.4,7.29,8.08,8.06,NA,NA
7/28/2023,day,2,8,smr,12,out,c,27.5,34.86,112.3,7.34,8.09,8.08,NA,NA
7/30/2023,day,2,8,smr,NA,in,lta.co2,NA,NA,NA,NA,NA,NA,NA,NA
7/30/2023,day,2,8,smr,1,out,lta.co2,27.6,34.97,120.5,7.86,7.82,7.8,NA,NA
7/30/2023,day,2,8,smr,2,out,lta.co2,27.6,34.97,119.5,7.79,7.87,7.8,NA,NA
7/30/2023,day,2,8,smr,3,out,lta.co2,27.6,34.95,122.8,8,7.9,7.88,NA,NA
7/30/2023,day,2,8,smr,NA,in,co2,NA,NA,NA,NA,NA,NA,NA,NA
7/30/2023,day,2,8,smr,4,out,co2,27.6,34.93,117.8,7.67,7.94,7.93,NA,NA
7/30/2023,day,2,8,smr,5,out,co2,27.6,34.93,115.9,7.57,7.84,7.83,NA,NA
7/30/2023,day,2,8,smr,6,out,co2,27.6,34.94,116.7,7.59,7.83,7.82,NA,NA
7/30/2023,day,2,8,smr,NA,in,lta,NA,NA,NA,NA,NA,NA,NA,NA
7/30/2023,day,2,8,smr,7,out,lta,27.6,34.85,118.9,7.75,7.97,7.96,NA,NA
7/30/2023,day,2,8,smr,8,out,lta,27.7,34.95,118.8,7.75,8.01,8,NA,NA
7/30/2023,day,2,8,smr,9,out,lta,27.9,34.94,119.7,7.77,8.04,8.02,NA,NA
7/30/2023,day,2,8,smr,NA,in,c,NA,NA,NA,NA,NA,NA,NA,NA
7/30/2023,day,2,8,smr,10,out,c,27.6,34.94,117.8,7.68,8.12,8.1,NA,NA
7/30/2023,day,2,8,smr,11,out,c,27.7,34.95,120.7,7.85,8.12,8.1,NA,NA
7/30/2023,day,2,8,smr,12,out,c,27.7,34.94,120.2,7.81,8.12,8.11,NA,NA
7/31/2023,day,2,8,smr,NA,in,lta.co2,NA,NA,NA,NA,NA,NA,26.6,2114.9
7/31/2023,day,2,8,smr,1,out,lta.co2,26.9,35.11,7.19,109.2,7.74,7.72,25.6,2094.9
7/31/2023,day,2,8,smr,2,out,lta.co2,27,35.03,7.35,111.7,7.72,7.7,25.5,2084.9
7/31/2023,day,2,8,smr,3,out,lta.co2,27,34.98,7.55,114.6,7.72,7.7,25.7,2089.5
7/31/2023,day,2,8,smr,NA,in,co2,NA,NA,NA,NA,NA,NA,26.6,2218.7
7/31/2023,day,2,8,smr,4,out,co2,26.9,35.07,7.45,113.5,7.76,7.75,25.6,2188.8
7/31/2023,day,2,8,smr,5,out,co2,27,35.01,7.22,109.9,7.8,7.79,25.5,2185.9
7/31/2023,day,2,8,smr,6,out,co2,27,34.98,7.37,112.1,7.86,7.85,25.7,2182.2
7/31/2023,day,2,8,smr,NA,in,lta,NA,NA,NA,NA,NA,NA,25.5,2177.2
7/31/2023,day,2,8,smr,7,out,lta,27,35.18,7.38,112.3,7.91,7.9,25.4,2093.3
7/31/2023,day,2,8,smr,8,out,lta,27,35,7.39,112.5,7.95,7.94,25.4,2090
7/31/2023,day,2,8,smr,9,out,lta,27.1,34.94,7.33,112.2,7.97,7.96,25.7,2078.9
7/31/2023,day,2,8,smr,NA,in,c,NA,NA,NA,NA,NA,NA,26.3,2217.7
7/31/2023,day,2,8,smr,10,out,c,27,35.1,7.32,111.1,8.06,8.05,25.4,2181.3
7/31/2023,day,2,8,smr,11,out,c,27.1,35,7.4,112.7,8.06,8.05,25.4,2181.5
7/31/2023,day,2,8,smr,12,out,c,27.1,34.98,7.33,111.6,8.07,8.06,25.7,2182.6
8/1/2023,day,2,8,smr,NA,in,lta.co2,NA,NA,NA,NA,NA,NA,23.8,2090.4
8/1/2023,day,2,8,smr,1,out,lta.co2,27.1,34.99,117.5,7.73,7.75,7.79,24.8,2060
8/1/2023,day,2,8,smr,2,out,lta.co2,27,35,116,7.64,7.75,7.78,24.8,2063.9
8/1/2023,day,2,8,smr,3,out,lta.co2,27,34.87,118.8,7.81,7.74,7.78,25,2058.1
8/1/2023,day,2,8,smr,NA,in,co2,NA,NA,NA,NA,NA,NA,24.3,2201.2
8/1/2023,day,2,8,smr,4,out,co2,27.2,34.97,115.9,7.62,7.75,7.79,24.8,2154.4
8/1/2023,day,2,8,smr,5,out,co2,27.1,34.9,115.8,7.61,7.75,7.79,24.8,2166.6
8/1/2023,day,2,8,smr,6,out,co2,27.1,34.91,116.2,7.64,7.76,7.8,25,2161.7
8/1/2023,day,2,8,smr,NA,in,lta,NA,NA,NA,NA,NA,NA,24.3,2123.1
8/1/2023,day,2,8,smr,7,out,lta,27.1,34.96,116.2,7.64,7.89,7.92,24.5,2090.6
8/1/2023,day,2,8,smr,8,out,lta,27.2,34.96,117.8,7.73,7.94,7.97,24.5,2078.7
8/1/2023,day,2,8,smr,9,out,lta,27.3,34.89,116.9,7.67,7.94,7.97,24.9,2075.7
8/1/2023,day,2,8,smr,NA,in,c,NA,NA,NA,NA,NA,NA,24.3,2216.5
8/1/2023,day,2,8,smr,10,out,c,27.1,34.96,113.5,7.46,8.03,8.06,24.5,2176.9
8/1/2023,day,2,8,smr,11,out,c,27.1,34.89,116.1,7.64,8.05,8.07,24.5,2175.8
8/1/2023,day,2,8,smr,12,out,c,27.2,34.96,116.2,7.62,8.05,8.07,24.9,2177.5
8/2/2023,day,2,8,smr,NA,in,lta.co2,NA,NA,NA,NA,NA,NA,NA,NA
8/2/2023,day,2,8,smr,1,out,lta.co2,26.8,34.98,109.6,7.24,7.75,7.78,NA,NA
8/2/2023,day,2,8,smr,2,out,lta.co2,26.8,34.94,110.9,7.33,7.72,7.75,NA,NA
8/2/2023,day,2,8,smr,3,out,lta.co2,26.7,34.99,112.3,7.42,7.7,7.73,NA,NA
8/2/2023,day,2,8,smr,NA,in,co2,NA,NA,NA,NA,NA,NA,NA,NA
8/2/2023,day,2,8,smr,4,out,co2,26.9,34.9,111,7.32,7.72,7.75,NA,NA
8/2/2023,day,2,8,smr,5,out,co2,26.9,34.81,109.9,7.26,7.71,7.74,NA,NA
8/2/2023,day,2,8,smr,6,out,co2,26.9,34.96,111,7.31,7.71,7.74,NA,NA
8/2/2023,day,2,8,smr,NA,in,lta,NA,NA,NA,NA,NA,NA,NA,NA
8/2/2023,day,2,8,smr,7,out,lta,27,34.96,114,7.51,7.9,7.93,NA,NA
8/2/2023,day,2,8,smr,8,out,lta,26.9,34.96,109.5,7.23,7.92,7.94,NA,NA
8/2/2023,day,2,8,smr,9,out,lta,27,34.97,110,7.24,7.92,7.95,NA,NA
8/2/2023,day,2,8,smr,NA,in,c,NA,NA,NA,NA,NA,NA,NA,NA
8/2/2023,day,2,8,smr,10,out,c,27,34.98,109.6,7.21,8.02,8.05,NA,NA
8/2/2023,day,2,8,smr,11,out,c,26.9,34.96,109.7,7.23,8.02,8.04,NA,NA
8/2/2023,day,2,8,smr,12,out,c,27,34.97,111.3,7.33,8.02,8.04,NA,NA
8/3/2023,day,2,8,smr,NA,in,lta.co2,NA,NA,NA,NA,NA,NA,NA,NA
8/3/2023,day,2,8,smr,1,out,lta.co2,26.8,34.95,107,7.06,7.75,7.78,NA,NA
8/3/2023,day,2,8,smr,2,out,lta.co2,26.8,34.9,107.8,7.11,7.71,7.74,NA,NA
8/3/2023,day,2,8,smr,3,out,lta.co2,26.5,34.97,107.7,7.12,7.66,7.69,NA,NA
8/3/2023,day,2,8,smr,NA,in,co2,NA,NA,NA,NA,NA,NA,NA,NA
8/3/2023,day,2,8,smr,4,out,co2,26.9,34.98,108,7.12,7.75,7.78,NA,NA
8/3/2023,day,2,8,smr,5,out,co2,26.7,34.91,107.2,7.07,7.73,7.75,NA,NA
8/3/2023,day,2,8,smr,6,out,co2,26.9,34.99,107.4,7.07,7.71,7.73,NA,NA
8/3/2023,day,2,8,smr,NA,in,lta,NA,NA,NA,NA,NA,NA,NA,NA
8/3/2023,day,2,8,smr,7,out,lta,26.8,34.97,109.9,7.24,7.89,7.92,NA,NA
8/3/2023,day,2,8,smr,8,out,lta,27,34.98,108.6,7.16,7.92,7.95,NA,NA
8/3/2023,day,2,8,smr,9,out,lta,27,34.98,108.8,7.16,7.91,7.94,NA,NA
8/3/2023,day,2,8,smr,NA,in,c,NA,NA,NA,NA,NA,NA,NA,NA
8/3/2023,day,2,8,smr,10,out,c,26.9,34.97,107,7.04,8,8.03,NA,NA
8/3/2023,day,2,8,smr,11,out,c,26.8,34.97,108,7.11,8,8.03,NA,NA
8/3/2023,day,2,8,smr,12,out,c,26.9,34.98,107.5,7.08,8.01,8.04,NA,NA
8/7/2023,day,2,8,smr,NA,in,lta.co2,NA,NA,NA,NA,NA,NA,NA,NA
8/7/2023,day,2,8,smr,1,out,lta.co2,27.2,35.08,118.5,7.76,7.82,NA,25.3,2073.1
8/7/2023,day,2,8,smr,2,out,lta.co2,27.2,35.08,118.3,7.64,7.82,NA,25.4,2063.9
8/7/2023,day,2,8,smr,3,out,lta.co2,27.1,35.09,120.4,7.67,7.77,NA,25.3,2078.6
8/7/2023,day,2,8,smr,NA,in,co2,NA,NA,NA,NA,NA,NA,NA,NA
8/7/2023,day,2,8,smr,4,out,co2,27.3,35.07,116.5,7.66,7.83,NA,25.3,2184.6
8/7/2023,day,2,8,smr,5,out,co2,27.2,35.05,117.9,7.59,7.83,NA,26.4,2174.8
8/7/2023,day,2,8,smr,6,out,co2,27.3,35.04,117.7,7.55,7.8,NA,25.3,2158.4
8/7/2023,day,2,8,smr,NA,in,lta,NA,NA,NA,NA,NA,NA,NA,NA
8/7/2023,day,2,8,smr,7,out,lta,27.3,35.07,120.6,7.96,7.97,NA,25.5,2075.7
8/7/2023,day,2,8,smr,8,out,lta,27.2,35.05,119.8,7.7,8.03,NA,25.2,2065.9
8/7/2023,day,2,8,smr,9,out,lta,27.3,35.05,118.9,7.54,8.01,NA,25,2067.9
8/7/2023,day,2,8,smr,NA,in,c,NA,NA,NA,NA,NA,NA,NA,NA
8/7/2023,day,2,8,smr,10,out,c,27.2,35.07,127.5,7.6,8.08,NA,25.5,2161.5
8/7/2023,day,2,8,smr,11,out,c,27.2,35.08,120.4,7.71,8.08,NA,26.4,2155.8
8/7/2023,day,2,8,smr,12,out,c,27.3,35.05,116.4,7.51,8.08,NA,25,2164
8/8/2023,day,2,8,smr,NA,in,lta.co2,NA,NA,NA,NA,NA,NA,26.5,2090.4
8/8/2023,day,2,8,smr,1,out,lta.co2,27,34.99,113.6,7.49,7.8,7.83,26.3,2060
8/8/2023,day,2,8,smr,2,out,lta.co2,27,34.98,113.7,7.49,7.75,7.77,25.9,2063.9
8/8/2023,day,2,8,smr,3,out,lta.co2,27,34.98,115.7,7.62,7.71,7.75,26.1,2058.1
8/8/2023,day,2,8,smr,NA,in,co2,NA,NA,NA,NA,NA,NA,26.5,2201.2
8/8/2023,day,2,8,smr,4,out,co2,27.1,34.95,114.4,7.52,7.81,7.84,26.3,2154.4
8/8/2023,day,2,8,smr,5,out,co2,27.1,34.97,114.5,7.53,7.78,7.82,25.9,2166.6
8/8/2023,day,2,8,smr,6,out,co2,27.2,34.98,115.6,7.58,7.76,7.79,26.1,2161.7
8/8/2023,day,2,8,smr,NA,in,lta,NA,NA,NA,NA,NA,NA,26,2100.3
8/8/2023,day,2,8,smr,7,out,lta,27.2,34.97,117.4,7.71,7.96,7.99,26.3,2084
8/8/2023,day,2,8,smr,8,out,lta,27.2,34.99,115.4,7.59,7.96,7.99,25.8,2073.8
8/8/2023,day,2,8,smr,9,out,lta,27.3,34.97,116.8,7.66,7.98,8,26.2,2064.4
8/8/2023,day,2,8,smr,NA,in,c,NA,NA,NA,NA,NA,NA,26,2191.8
8/8/2023,day,2,8,smr,10,out,c,27.1,34.96,113.5,7.46,8.05,8.08,26.3,2164.6
8/8/2023,day,2,8,smr,11,out,c,27.2,34.97,115.8,7.6,8.06,8.08,25.8,2166.3
8/8/2023,day,2,8,smr,12,out,c,27.2,34.95,115.9,7.6,8.06,8.08,26.2,2149.7
1/11/2024,day,3,9,wntr,NA,in,lta.co2,23.9,35.61,100.7,6.96,7.83,7.84,25,2100.8
1/11/2024,day,3,9,wntr,1,out,lta.co2,24.2,34.65,107.6,7.4,7.71,7.72,23.6,2084.2
1/11/2024,day,3,9,wntr,2,out,lta.co2,24.2,34.64,110.9,7.62,7.75,7.76,24.2,2065.5
1/11/2024,day,3,9,wntr,3,out,lta.co2,24.1,34.65,106.7,7.35,7.75,7.77,24.5,2078.8
1/11/2024,day,3,9,wntr,NA,in,co2,23.8,34.6,99.3,6.86,8,8.01,24.3,2198.5
1/11/2024,day,3,9,wntr,4,out,co2,24,34.6,107.6,7.39,7.7,7.71,23.5,2202.8
1/11/2024,day,3,9,wntr,5,out,co2,24,34.64,105.3,7.25,7.77,7.78,24.3,2174.6
1/11/2024,day,3,9,wntr,6,out,co2,24,34.65,104.7,7.22,7.78,7.8,24.8,2173.8
1/11/2024,day,3,9,wntr,NA,in,lta,23.9,34.64,100,6.91,7.84,7.85,23.7,2107.6
1/11/2024,day,3,9,wntr,7,out,lta,24,34.64,106.3,7.32,7.9,7.91,23.7,2068.5
1/11/2024,day,3,9,wntr,8,out,lta,24,34.64,106.2,7.31,7.92,7.93,24.7,2064
1/11/2024,day,3,9,wntr,9,out,lta,24,34.63,106.4,7.32,7.91,7.92,24.3,2084.2
1/11/2024,day,3,9,wntr,NA,in,c,23.9,34.65,99.9,6.91,8,8.01,23.7,2182
1/11/2024,day,3,9,wntr,10,out,c,24,34.62,105.9,7.2,8.04,8.05,23.3,2169.2
1/11/2024,day,3,9,wntr,11,out,c,24,34.63,106.3,7.33,8.04,8.05,24.5,2145.2
1/11/2024,day,3,9,wntr,12,out,c,24.1,34.63,107.4,7.4,8.05,8.06,24.3,2175.7
1/17/2024,day,3,9,wntr,NA,in,lta.co2,NA,NA,NA,NA,7.81,NA,NA,NA
1/17/2024,day,3,9,wntr,1,out,lta.co2,NA,NA,NA,NA,7.87,NA,NA,NA
1/17/2024,day,3,9,wntr,2,out,lta.co2,NA,NA,NA,NA,7.86,NA,NA,NA
1/17/2024,day,3,9,wntr,3,out,lta.co2,NA,NA,NA,NA,7.87,NA,NA,NA
1/17/2024,day,3,9,wntr,NA,in,co2,NA,NA,NA,NA,8,NA,NA,NA
1/17/2024,day,3,9,wntr,4,out,co2,NA,NA,NA,NA,8.03,NA,NA,NA
1/17/2024,day,3,9,wntr,5,out,co2,NA,NA,NA,NA,8.02,NA,NA,NA
1/17/2024,day,3,9,wntr,6,out,co2,NA,NA,NA,NA,8.02,NA,NA,NA
1/17/2024,day,3,9,wntr,NA,in,lta,NA,NA,NA,NA,7.85,NA,NA,NA
1/17/2024,day,3,9,wntr,7,out,lta,NA,NA,NA,NA,7.9,NA,NA,NA
1/17/2024,day,3,9,wntr,8,out,lta,NA,NA,NA,NA,7.94,NA,NA,NA
1/17/2024,day,3,9,wntr,9,out,lta,NA,NA,NA,NA,7.9,NA,NA,NA
1/17/2024,day,3,9,wntr,NA,in,c,NA,NA,NA,NA,8,NA,NA,NA
1/17/2024,day,3,9,wntr,10,out,c,NA,NA,NA,NA,8.05,NA,NA,NA
1/17/2024,day,3,9,wntr,11,out,c,NA,NA,NA,NA,8.05,NA,NA,NA
1/17/2024,day,3,9,wntr,12,out,c,NA,NA,NA,NA,8.06,NA,NA,NA
1/18/2024,day,3,9,wntr,NA,in,lta.co2,NA,NA,NA,NA,NA,NA,NA,NA
1/18/2024,day,3,9,wntr,1,out,lta.co2,23.9,34.77,107.1,7.39,7.84,7.85,NA,NA
1/18/2024,day,3,9,wntr,2,out,lta.co2,24,34.74,108.4,7.46,7.85,7.86,NA,NA
1/18/2024,day,3,9,wntr,3,out,lta.co2,23.9,34.78,105.9,7.31,7.88,7.89,NA,NA
1/18/2024,day,3,9,wntr,NA,in,co2,NA,NA,NA,NA,NA,NA,NA,NA
1/18/2024,day,3,9,wntr,4,out,co2,24.1,34.76,107.8,7.42,7.96,7.97,NA,NA
1/18/2024,day,3,9,wntr,5,out,co2,24,34.78,109,7.5,7.91,7.92,NA,NA
1/18/2024,day,3,9,wntr,6,out,co2,23.9,34.77,105.6,7.29,7.98,7.99,NA,NA
1/18/2024,day,3,9,wntr,NA,in,lta,NA,NA,NA,NA,NA,NA,NA,NA
1/18/2024,day,3,9,wntr,7,out,lta,24,34.77,105.7,7.28,7.92,7.93,NA,NA
1/18/2024,day,3,9,wntr,8,out,lta,24.1,34.76,109.4,7.51,7.97,7.98,NA,NA
1/18/2024,day,3,9,wntr,9,out,lta,24,34.8,106,7.3,7.92,7.93,NA,NA
1/18/2024,day,3,9,wntr,NA,in,c,NA,NA,NA,NA,NA,NA,NA,NA
1/18/2024,day,3,9,wntr,10,out,c,24,34.77,107.2,7.39,8.09,8.1,NA,NA
1/18/2024,day,3,9,wntr,11,out,c,23.9,34.77,108.4,7.47,8.08,8.08,NA,NA
1/18/2024,day,3,9,wntr,12,out,c,24,34.75,107.4,7.39,8.1,8.11,NA,NA
1/19/2024,day,3,9,wntr,NA,in,lta.co2,NA,NA,NA,NA,NA,NA,25.3,2100.7
1/19/2024,day,3,9,wntr,1,out,lta.co2,24,34.91,105.5,7.28,7.75,7.77,25.1,2090.1
1/19/2024,day,3,9,wntr,2,out,lta.co2,24.2,34.93,104.7,7.2,7.7,7.72,25.1,2078.9
1/19/2024,day,3,9,wntr,3,out,lta.co2,24.1,34.92,105.6,7.27,7.77,7.78,25.2,2084
1/19/2024,day,3,9,wntr,NA,in,co2,NA,NA,NA,NA,NA,NA,24.9,2209.1
1/19/2024,day,3,9,wntr,4,out,co2,24.1,34.93,105.8,7.28,7.73,7.74,25.2,2168.6
1/19/2024,day,3,9,wntr,5,out,co2,24,34.93,105.4,7.27,7.76,7.78,25.1,2173.2
1/19/2024,day,3,9,wntr,6,out,co2,23.9,34.93,104.6,7.21,7.79,7.81,25.1,2187.6
1/19/2024,day,3,9,wntr,NA,in,lta,NA,NA,NA,NA,NA,NA,25,2102.4
1/19/2024,day,3,9,wntr,7,out,lta,24,34.92,104.5,7.2,7.92,7.93,25,2072
1/19/2024,day,3,9,wntr,8,out,lta,24.1,34.92,105,7.23,7.96,7.97,25.2,2091.8
1/19/2024,day,3,9,wntr,9,out,lta,23.9,34.93,102.3,7.07,7.91,7.92,25.2,2092.9
1/19/2024,day,3,9,wntr,NA,in,c,NA,NA,NA,NA,NA,NA,25.1,2211.5
1/19/2024,day,3,9,wntr,10,out,c,23.9,34.92,105.6,7.29,8.09,8.1,24.8,2185
1/19/2024,day,3,9,wntr,11,out,c,23.9,34.93,105.3,7.27,8.08,8.08,25.2,2179
1/19/2024,day,3,9,wntr,12,out,c,24,34.92,104.4,7.19,8.1,8.11,25.2,2174.5
1/22/2024,day,3,9,wntr,NA,in,lta.co2,NA,NA,NA,NA,NA,NA,NA,NA
1/22/2024,day,3,9,wntr,1,out,lta.co2,24.4,34.74,111,7.61,7.77,7.79,NA,NA
1/22/2024,day,3,9,wntr,2,out,lta.co2,24.5,34.74,109.6,7.5,7.69,7.71,NA,NA
1/22/2024,day,3,9,wntr,3,out,lta.co2,24.5,34.72,112.6,7.71,7.78,7.8,NA,NA
1/22/2024,day,3,9,wntr,NA,in,co2,NA,NA,NA,NA,NA,NA,NA,NA
1/22/2024,day,3,9,wntr,4,out,co2,24.4,34.74,109.6,7.51,7.76,7.77,NA,NA
1/22/2024,day,3,9,wntr,5,out,co2,24.4,34.74,109.9,7.53,7.75,7.77,NA,NA
1/22/2024,day,3,9,wntr,6,out,co2,24.4,34.74,109.1,7.48,7.79,7.8,NA,NA
1/22/2024,day,3,9,wntr,NA,in,lta,NA,NA,NA,NA,NA,NA,NA,NA
1/22/2024,day,3,9,wntr,7,out,lta,24.4,34.74,109.3,7.49,7.92,7.93,NA,NA
1/22/2024,day,3,9,wntr,8,out,lta,24.4,34.72,109.5,7.5,7.95,7.96,NA,NA
1/22/2024,day,3,9,wntr,9,out,lta,24.4,34.74,106.9,7.33,7.91,7.92,NA,NA
1/22/2024,day,3,9,wntr,NA,in,c,NA,NA,NA,NA,NA,NA,NA,NA
1/22/2024,day,3,9,wntr,10,out,c,24.3,34.73,108.8,7.47,8.07,8.08,NA,NA
1/22/2024,day,3,9,wntr,11,out,c,24.3,34.73,111,7.62,8.08,8.09,NA,NA
1/22/2024,day,3,9,wntr,12,out,c,24.4,34.72,110.6,7.59,8.1,8.11,NA,NA
1/23/2024,day,3,9,wntr,NA,in,lta.co2,NA,NA,NA,NA,NA,NA,25.4,2112.8
1/23/2024,day,3,9,wntr,1,out,lta.co2,24.3,34.76,105.9,7.27,7.76,7.77,24.7,2098.8
1/23/2024,day,3,9,wntr,2,out,lta.co2,24.4,34.76,104.3,7.14,7.71,7.73,25.1,2094.1
1/23/2024,day,3,9,wntr,3,out,lta.co2,24.4,34.75,105.9,7.25,7.75,7.77,25.2,2093.9
1/23/2024,day,3,9,wntr,NA,in,co2,NA,NA,NA,NA,NA,NA,25.1,2206.7
1/23/2024,day,3,9,wntr,4,out,co2,24.3,34.75,105.2,7.21,7.77,7.78,24.9,2175.2
1/23/2024,day,3,9,wntr,5,out,co2,24.3,34.76,105.9,7.26,7.73,7.75,24.9,2161.7
1/23/2024,day,3,9,wntr,6,out,co2,24.3,34.75,104.2,7.14,7.78,7.79,25.1,2180.1
1/23/2024,day,3,9,wntr,NA,in,lta,NA,NA,NA,NA,NA,NA,25.1,2105.8
1/23/2024,day,3,9,wntr,7,out,lta,24.3,34.76,104.3,7.15,7.91,7.92,25,2091
1/23/2024,day,3,9,wntr,8,out,lta,24.3,34.73,103.6,7.1,7.93,7.94,25.1,2090.9
1/23/2024,day,3,9,wntr,9,out,lta,24.3,34.76,101.9,6.99,7.88,7.9,25.1,2096
1/23/2024,day,3,9,wntr,NA,in,c,NA,NA,NA,NA,NA,NA,24.8,2206
1/23/2024,day,3,9,wntr,10,out,c,24.3,34.76,104.2,7.15,8.06,8.07,25.1,2174.1
1/23/2024,day,3,9,wntr,11,out,c,24.2,34.76,105,7.21,8.06,8.07,25.3,2177.8
1/23/2024,day,3,9,wntr,12,out,c,24.3,34.76,105.1,7.2,8.09,8.1,25.3,2180
1/24/2024,day,3,9,wntr,NA,in,lta.co2,NA,NA,NA,NA,NA,NA,NA,NA
1/24/2024,day,3,9,wntr,1,out,lta.co2,24.3,34.85,116.5,7.97,7.88,7.89,NA,NA
1/24/2024,day,3,9,wntr,2,out,lta.co2,24.4,34.86,110.6,7.56,7.84,7.85,NA,NA
1/24/2024,day,3,9,wntr,3,out,lta.co2,24.3,34.86,117.5,8.04,7.88,7.89,NA,NA
1/24/2024,day,3,9,wntr,NA,in,co2,NA,NA,NA,NA,NA,NA,NA,NA
1/24/2024,day,3,9,wntr,4,out,co2,24.3,34.86,115.2,7.88,7.88,7.89,NA,NA
1/24/2024,day,3,9,wntr,5,out,co2,24.3,34.87,115.2,7.87,7.85,7.86,NA,NA
1/24/2024,day,3,9,wntr,6,out,co2,24.2,34.86,112.4,7.7,7.89,7.9,NA,NA
1/24/2024,day,3,9,wntr,NA,in,lta,NA,NA,NA,NA,NA,NA,NA,NA
1/24/2024,day,3,9,wntr,7,out,lta,24.3,34.86,112.9,7.73,7.99,8,NA,NA
1/24/2024,day,3,9,wntr,8,out,lta,24.3,34.86,112.2,7.68,8.01,8.02,NA,NA
1/24/2024,day,3,9,wntr,9,out,lta,24.2,34.86,109,7.48,7.97,7.98,NA,NA
1/24/2024,day,3,9,wntr,NA,in,c,NA,NA,NA,NA,NA,NA,NA,NA
1/24/2024,day,3,9,wntr,10,out,c,24.2,34.85,112,7.69,8.14,8.15,NA,NA
1/24/2024,day,3,9,wntr,11,out,c,24.1,34.86,113.6,7.81,8.13,8.14,NA,NA
1/24/2024,day,3,9,wntr,12,out,c,24.3,34.86,115.1,7.89,8.16,8.17,NA,NA
1/25/2024,day,3,9,wntr,NA,in,lta.co2,NA,NA,NA,NA,NA,NA,25.6,2117.2
1/25/2024,day,3,9,wntr,1,out,lta.co2,24.4,34.78,106.6,7.3,7.77,7.79,25.5,2103.5
1/25/2024,day,3,9,wntr,2,out,lta.co2,24.4,34.78,104.6,7.15,7.76,7.77,25.7,2101.2
1/25/2024,day,3,9,wntr,3,out,lta.co2,24.4,34.75,107.8,7.38,7.78,7.8,25.5,2101
1/25/2024,day,3,9,wntr,NA,in,co2,NA,NA,NA,NA,NA,NA,25.3,2203.6
1/25/2024,day,3,9,wntr,4,out,co2,24.5,34.78,107.8,7.37,7.82,7.83,25.7,2188.1
1/25/2024,day,3,9,wntr,5,out,co2,24.5,34.78,108.1,7.39,7.76,7.78,25.6,2179.1
1/25/2024,day,3,9,wntr,6,out,co2,24.4,34.78,105.3,7.2,7.82,7.84,25.6,2196.5
1/25/2024,day,3,9,wntr,NA,in,lta,NA,NA,NA,NA,NA,NA,25.3,2114
1/25/2024,day,3,9,wntr,7,out,lta,24.5,34.77,108.1,7.38,7.93,7.95,25.5,2111
1/25/2024,day,3,9,wntr,8,out,lta,24.5,34.77,106.7,7.29,7.94,7.95,25.5,2101.5
1/25/2024,day,3,9,wntr,9,out,lta,24.5,34.79,105.2,7.2,7.93,7.93,25.3,2105.2
1/25/2024,day,3,9,wntr,NA,in,c,NA,NA,NA,NA,NA,NA,25.1,2203.9
1/25/2024,day,3,9,wntr,10,out,c,24.5,34.77,107.6,7.35,8.08,8.09,25.6,2178.1
1/25/2024,day,3,9,wntr,11,out,c,24.4,34.78,107.7,7.36,8.07,8.08,25.6,2182.9
1/25/2024,day,3,9,wntr,12,out,c,24.5,34.78,109.2,7.46,8.1,8.11,25.5,2175.4
1/26/2024,day,3,9,wntr,NA,in,lta.co2,NA,NA,NA,NA,NA,NA,NA,NA
1/26/2024,day,3,9,wntr,1,out,lta.co2,24.5,34.82,109.3,7.46,7.8,7.81,NA,NA
1/26/2024,day,3,9,wntr,2,out,lta.co2,24.7,34.8,106.6,7.26,7.79,7.8,NA,NA
1/26/2024,day,3,9,wntr,3,out,lta.co2,24.7,34.8,111.9,7.63,7.81,7.82,NA,NA
1/26/2024,day,3,9,wntr,NA,in,co2,NA,NA,NA,NA,NA,NA,NA,NA
1/26/2024,day,3,9,wntr,4,out,co2,24.6,34.79,111.1,7.56,7.74,7.76,NA,NA
1/26/2024,day,3,9,wntr,5,out,co2,24.6,34.8,111.7,7.62,7.8,7.82,NA,NA
1/26/2024,day,3,9,wntr,6,out,co2,24.5,34.8,109.8,7.49,7.9,7.92,NA,NA
1/26/2024,day,3,9,wntr,NA,in,lta,NA,NA,NA,NA,NA,NA,NA,NA
1/26/2024,day,3,9,wntr,7,out,lta,24.7,34.78,113.1,7.7,7.97,7.99,NA,NA
1/26/2024,day,3,9,wntr,8,out,lta,24.7,34.8,110.6,7.52,7.99,8,NA,NA
1/26/2024,day,3,9,wntr,9,out,lta,24.6,34.8,109.7,7.49,7.96,7.97,NA,NA
1/26/2024,day,3,9,wntr,NA,in,c,NA,NA,NA,NA,NA,NA,NA,NA
1/26/2024,day,3,9,wntr,10,out,c,24.5,34.76,111.9,7.63,8.13,8.15,NA,NA
1/26/2024,day,3,9,wntr,11,out,c,24.6,34.8,112.1,7.65,8.13,8.13,NA,NA
1/26/2024,day,3,9,wntr,12,out,c,24.7,34.79,114,7.76,8.15,8.16,NA,NA
1/28/2024,day,3,9,wntr,NA,in,lta.co2,NA,NA,NA,NA,NA,NA,NA,NA
1/28/2024,day,3,9,wntr,1,out,lta.co2,24,34.69,101.3,6.97,7.85,7.86,NA,NA
1/28/2024,day,3,9,wntr,2,out,lta.co2,24,34.65,101.3,6.97,7.8,7.8,NA,NA
1/28/2024,day,3,9,wntr,3,out,lta.co2,24,34.72,103.3,7.11,7.77,7.78,NA,NA
1/28/2024,day,3,9,wntr,NA,in,co2,NA,NA,NA,NA,NA,NA,NA,NA
1/28/2024,day,3,9,wntr,4,out,co2,24,34.69,103,7.09,7.76,7.78,NA,NA
1/28/2024,day,3,9,wntr,5,out,co2,24,34.71,103.1,7.09,7.77,7.79,NA,NA
1/28/2024,day,3,9,wntr,6,out,co2,24,34.75,102.4,7.05,7.79,7.8,NA,NA
1/28/2024,day,3,9,wntr,NA,in,lta,NA,NA,NA,NA,NA,NA,NA,NA
1/28/2024,day,3,9,wntr,7,out,lta,24,34.72,106.1,7.29,7.92,7.94,NA,NA
1/28/2024,day,3,9,wntr,8,out,lta,24,34.7,104.2,7.17,7.93,7.95,NA,NA
1/28/2024,day,3,9,wntr,9,out,lta,24,34.74,106.5,7.32,7.94,7.96,NA,NA
1/28/2024,day,3,9,wntr,NA,in,c,NA,NA,NA,NA,NA,NA,NA,NA
1/28/2024,day,3,9,wntr,10,out,c,24,34.74,105.8,7.26,8.08,8.09,NA,NA
1/28/2024,day,3,9,wntr,11,out,c,24,34.75,106.7,7.33,8.09,8.1,NA,NA
1/28/2024,day,3,9,wntr,12,out,c,24,34.74,107.1,7.36,8.1,8.11,NA,NA
1/29/2024,day,3,9,wntr,NA,in,lta.co2,NA,NA,NA,NA,NA,NA,NA,NA
1/29/2024,day,3,9,wntr,1,out,lta.co2,24,34.76,101.3,6.97,7.75,7.76,NA,NA
1/29/2024,day,3,9,wntr,2,out,lta.co2,24,34.76,100.5,6.92,7.75,7.76,NA,NA
1/29/2024,day,3,9,wntr,3,out,lta.co2,24,34.76,102.9,7.08,7.76,7.77,NA,NA
1/29/2024,day,3,9,wntr,NA,in,co2,NA,NA,NA,NA,NA,NA,NA,NA
1/29/2024,day,3,9,wntr,4,out,co2,24,34.77,102.1,7.03,7.73,7.74,NA,NA
1/29/2024,day,3,9,wntr,5,out,co2,24,34.76,102,7.02,7.76,7.77,NA,NA
1/29/2024,day,3,9,wntr,6,out,co2,24,34.75,101.6,6.99,7.78,7.79,NA,NA
1/29/2024,day,3,9,wntr,NA,in,lta,NA,NA,NA,NA,NA,NA,NA,NA
1/29/2024,day,3,9,wntr,7,out,lta,24,34.75,104.4,7.17,7.92,7.93,NA,NA
1/29/2024,day,3,9,wntr,8,out,lta,24,34.76,103.3,7.1,7.92,7.94,NA,NA
1/29/2024,day,3,9,wntr,9,out,lta,24,34.75,104.2,7.17,7.93,7.94,NA,NA
1/29/2024,day,3,9,wntr,NA,in,c,NA,NA,NA,NA,NA,NA,NA,NA
1/29/2024,day,3,9,wntr,10,out,c,24,34.75,103.8,7.14,8.07,8.08,NA,NA
1/29/2024,day,3,9,wntr,11,out,c,24,34.75,104.5,7.19,8.07,8.08,NA,NA
1/29/2024,day,3,9,wntr,12,out,c,24,34.76,104.1,7.16,8.08,8.09,NA,NA
1/30/2024,day,3,9,wntr,NA,in,lta.co2,NA,NA,NA,NA,NA,NA,25.2,2097
1/30/2024,day,3,9,wntr,1,out,lta.co2,23.7,34.59,97.6,6.79,7.78,7.79,25.2,2081.9
1/30/2024,day,3,9,wntr,2,out,lta.co2,23.6,34.58,98.1,6.82,7.79,7.81,25.2,2072.3
1/30/2024,day,3,9,wntr,3,out,lta.co2,23.7,34.59,99.2,6.9,7.8,7.81,25,2086.5
1/30/2024,day,3,9,wntr,NA,in,co2,NA,NA,NA,NA,NA,NA,25.2,2195.4
1/30/2024,day,3,9,wntr,4,out,co2,23.7,34.58,99.8,6.93,7.88,7.89,25.2,2177.7
1/30/2024,day,3,9,wntr,5,out,co2,23.6,34.58,99,6.87,7.88,7.89,25.2,2166.8
1/30/2024,day,3,9,wntr,6,out,co2,23.7,34.59,98.9,6.87,7.89,7.9,25,2190.9
1/30/2024,day,3,9,wntr,NA,in,lta,NA,NA,NA,NA,NA,NA,25.1,2109
1/30/2024,day,3,9,wntr,7,out,lta,23.8,34.57,100.5,6.97,7.92,7.94,25.1,2087.1
1/30/2024,day,3,9,wntr,8,out,lta,23.8,34.57,100,6.94,7.93,7.94,25.1,2095
1/30/2024,day,3,9,wntr,9,out,lta,23.8,34.58,100.6,6.98,7.92,7.94,24.7,2101.3
1/30/2024,day,3,9,wntr,NA,in,c,NA,NA,NA,NA,NA,NA,25.1,2195.1
1/30/2024,day,3,9,wntr,10,out,c,23.8,34.58,99.8,6.92,8.06,8.07,25.1,2178.9
1/30/2024,day,3,9,wntr,11,out,c,23.7,34.59,100.8,6.99,8.07,8.07,25.1,2176.3
1/30/2024,day,3,9,wntr,12,out,c,23.7,34.58,100.4,6.95,8.07,8.08,24.7,2181.7
1/31/2024,day,3,9,wntr,NA,in,lta.co2,NA,NA,NA,NA,7.85,NA,NA,NA
1/31/2024,day,3,9,wntr,1,out,lta.co2,NA,NA,NA,NA,7.8,NA,NA,NA
1/31/2024,day,3,9,wntr,2,out,lta.co2,NA,NA,NA,NA,7.79,NA,NA,NA
1/31/2024,day,3,9,wntr,3,out,lta.co2,NA,NA,NA,NA,7.83,NA,NA,NA
1/31/2024,day,3,9,wntr,NA,in,co2,NA,NA,NA,NA,8.03,NA,NA,NA
1/31/2024,day,3,9,wntr,4,out,co2,NA,NA,NA,NA,7.83,NA,NA,NA
1/31/2024,day,3,9,wntr,5,out,co2,NA,NA,NA,NA,7.85,NA,NA,NA
1/31/2024,day,3,9,wntr,6,out,co2,NA,NA,NA,NA,7.85,NA,NA,NA
1/31/2024,day,3,9,wntr,NA,in,lta,NA,NA,NA,NA,7.89,NA,NA,NA
1/31/2024,day,3,9,wntr,7,out,lta,NA,NA,NA,NA,8.01,NA,NA,NA
1/31/2024,day,3,9,wntr,8,out,lta,NA,NA,NA,NA,8.01,NA,NA,NA
1/31/2024,day,3,9,wntr,9,out,lta,NA,NA,NA,NA,8,NA,NA,NA
1/31/2024,day,3,9,wntr,NA,in,c,NA,NA,NA,NA,8.04,NA,NA,NA
1/31/2024,day,3,9,wntr,10,out,c,NA,NA,NA,NA,8.11,NA,NA,NA
1/31/2024,day,3,9,wntr,11,out,c,NA,NA,NA,NA,8.13,NA,NA,NA
1/31/2024,day,3,9,wntr,12,out,c,NA,NA,NA,NA,8.14,NA,NA,NA
2/1/2024,day,3,9,wntr,NA,in,lta.co2,NA,NA,NA,NA,NA,NA,25.5,2081.5
2/1/2024,day,3,9,wntr,1,out,lta.co2,23.8,34.49,103.7,7.23,7.78,7.79,25.1,2077.7
2/1/2024,day,3,9,wntr,2,out,lta.co2,23.8,34.48,101.7,7.09,7.78,7.79,25.2,2063.1
2/1/2024,day,3,9,wntr,3,out,lta.co2,23.8,34.47,104.4,7.27,7.8,7.82,25.1,2059.4
2/1/2024,day,3,9,wntr,NA,in,co2,NA,NA,NA,NA,NA,NA,25.5,2189.1
2/1/2024,day,3,9,wntr,4,out,co2,23.9,34.47,106.4,7.4,7.82,7.83,25.1,2177.8
2/1/2024,day,3,9,wntr,5,out,co2,23.9,34.47,103.5,7.2,7.82,7.84,25.2,2182.7
2/1/2024,day,3,9,wntr,6,out,co2,23.8,34.46,104.2,7.25,7.85,7.86,25.1,2177.7
2/1/2024,day,3,9,wntr,NA,in,lta,NA,NA,NA,NA,NA,NA,25.2,2105.6
2/1/2024,day,3,9,wntr,7,out,lta,24,34.46,107,7.44,7.97,7.98,25,2080.6
2/1/2024,day,3,9,wntr,8,out,lta,24,34.47,105.6,7.33,7.98,7.99,25.1,2078.3
2/1/2024,day,3,9,wntr,9,out,lta,23.9,34.45,105.6,7.35,7.97,7.98,25.2,2088
2/1/2024,day,3,9,wntr,NA,in,c,NA,NA,NA,NA,NA,NA,25.2,2190.4
2/1/2024,day,3,9,wntr,10,out,c,23.9,34.45,105.6,7.34,8.11,8.12,25,2181.6
2/1/2024,day,3,9,wntr,11,out,c,23.9,34.46,106.4,7.4,8.11,8.12,25.1,2175.2
2/1/2024,day,3,9,wntr,12,out,c,23.9,34.47,105.7,7.35,8.12,8.13,25.2,2169.3
2/2/2024,day,3,9,wntr,NA,in,lta.co2,NA,NA,NA,NA,7.83,NA,NA,NA
2/2/2024,day,3,9,wntr,1,out,lta.co2,NA,NA,NA,NA,7.79,NA,NA,NA
2/2/2024,day,3,9,wntr,2,out,lta.co2,NA,NA,NA,NA,7.8,NA,NA,NA
2/2/2024,day,3,9,wntr,3,out,lta.co2,NA,NA,NA,NA,7.92,NA,NA,NA
2/2/2024,day,3,9,wntr,NA,in,co2,NA,NA,NA,NA,8.05,NA,NA,NA
2/2/2024,day,3,9,wntr,4,out,co2,NA,NA,NA,NA,7.88,NA,NA,NA
2/2/2024,day,3,9,wntr,5,out,co2,NA,NA,NA,NA,8.08,NA,NA,NA
2/2/2024,day,3,9,wntr,6,out,co2,NA,NA,NA,NA,8.09,NA,NA,NA
2/2/2024,day,3,9,wntr,NA,in,lta,NA,NA,NA,NA,7.96,NA,NA,NA
2/2/2024,day,3,9,wntr,7,out,lta,NA,NA,NA,NA,8.04,NA,NA,NA
2/2/2024,day,3,9,wntr,8,out,lta,NA,NA,NA,NA,8.04,NA,NA,NA
2/2/2024,day,3,9,wntr,9,out,lta,NA,NA,NA,NA,8.03,NA,NA,NA
2/2/2024,day,3,9,wntr,NA,in,c,NA,NA,NA,NA,8.07,NA,NA,NA
2/2/2024,day,3,9,wntr,10,out,c,NA,NA,NA,NA,8.15,NA,NA,NA
2/2/2024,day,3,9,wntr,11,out,c,NA,NA,NA,NA,8.12,NA,NA,NA
2/2/2024,day,3,9,wntr,12,out,c,NA,NA,NA,NA,8.13,NA,NA,NA
2/3/2024,day,3,9,wntr,NA,in,lta.co2,NA,NA,NA,NA,NA,NA,NA,NA
2/3/2024,day,3,9,wntr,1,out,lta.co2,22.7,34.72,107.5,7.66,7.82,7.84,NA,NA
2/3/2024,day,3,9,wntr,2,out,lta.co2,22.7,34.7,105.1,7.48,7.82,7.83,NA,NA
2/3/2024,day,3,9,wntr,3,out,lta.co2,22.7,34.7,108.6,7.73,7.85,7.86,NA,NA
2/3/2024,day,3,9,wntr,NA,in,co2,NA,NA,NA,NA,NA,NA,NA,NA
2/3/2024,day,3,9,wntr,4,out,co2,22.9,34.71,109.5,7.78,7.89,7.9,NA,NA
2/3/2024,day,3,9,wntr,5,out,co2,22.9,34.7,108.3,7.69,7.87,7.88,NA,NA
2/3/2024,day,3,9,wntr,6,out,co2,22.9,34.7,106.7,7.58,7.9,7.9,NA,NA
2/3/2024,day,3,9,wntr,NA,in,lta,NA,NA,NA,NA,NA,NA,NA,NA
2/3/2024,day,3,9,wntr,7,out,lta,23,34.7,113,8.01,8.09,8.1,NA,NA
2/3/2024,day,3,9,wntr,8,out,lta,22.9,34.69,109.2,7.77,8.1,8.1,NA,NA
2/3/2024,day,3,9,wntr,9,out,lta,22.9,34.7,109.9,7.8,8.08,8.09,NA,NA
2/3/2024,day,3,9,wntr,NA,in,c,NA,NA,NA,NA,NA,NA,NA,NA
2/3/2024,day,3,9,wntr,10,out,c,22.9,34.7,109,7.73,8.16,8.17,NA,NA
2/3/2024,day,3,9,wntr,11,out,c,22.9,34.63,111.2,7.89,8.16,8.16,NA,NA
2/3/2024,day,3,9,wntr,12,out,c,23,34.74,111.4,7.9,8.17,8.17,NA,NA
2/8/2024,day,3,9,wntr,NA,in,lta.co2,NA,NA,NA,NA,NA,NA,24.7,2131.3
2/8/2024,day,3,9,wntr,1,out,lta.co2,22.7,34.86,113.1,8.04,7.93,7.94,24.5,2111.7
2/8/2024,day,3,9,wntr,2,out,lta.co2,22.8,34.88,108.8,7.73,7.89,7.89,24.4,2114.1
2/8/2024,day,3,9,wntr,3,out,lta.co2,22.7,34.89,112.4,8,7.91,7.92,24.5,2108.7
2/8/2024,day,3,9,wntr,NA,in,co2,NA,NA,NA,NA,NA,NA,24.7,2227
2/8/2024,day,3,9,wntr,4,out,co2,22.8,34.9,112.2,7.98,7.94,7.94,24.5,2199.5
2/8/2024,day,3,9,wntr,5,out,co2,22.9,34.91,112.4,7.96,7.91,7.91,24.4,2197.5
2/8/2024,day,3,9,wntr,6,out,co2,22.8,34.91,112,7.96,7.95,7.96,24.5,2198.3
2/8/2024,day,3,9,wntr,NA,in,lta,NA,NA,NA,NA,NA,NA,24.7,2136.7
2/8/2024,day,3,9,wntr,7,out,lta,22.9,34.91,115.2,8.15,8.04,8.05,24.5,2117.5
2/8/2024,day,3,9,wntr,8,out,lta,22.9,34.92,114.1,8.08,8.08,8.08,24.8,2114.9
2/8/2024,day,3,9,wntr,9,out,lta,22.9,34.91,111.7,7.92,8.03,8.03,24.7,2117.8
2/8/2024,day,3,9,wntr,NA,in,c,NA,NA,NA,NA,NA,NA,24.7,2217
2/8/2024,day,3,9,wntr,10,out,c,22.8,34.92,112.7,8.01,8.19,8.19,24.5,2198.5
2/8/2024,day,3,9,wntr,11,out,c,22.9,34.91,114.9,8.16,8.18,8.18,24.8,2199.4
2/8/2024,day,3,9,wntr,12,out,c,22.9,34.92,115.4,8.17,8.2,8.2,24.7,2199
