gene_id	uniprot_acc	uniprot_entry	pident	align_length	mismatch	gapopen	qstart	qend	sstart	send	evalue	bitscore	qlen	slen	qcovs	quality_tier	description	source
Montipora_capitata_HIv3___RNAseq.g37527.t1	A0AAD9URM9	A0AAD9URM9_ACRCE	66.993	612	143	4	28	1686	10	621	0.0	855	1704	1270	98	HIGH	Deleted in malignant brain tumors 1 protein	TrEMBL
Montipora_capitata_HIv3___TS.g30192.t1	A0A9W9YMF6	A0A9W9YMF6_9CNID	48.544	103	46	1	100	408	1	96	3.80e-21	91.3	414	96	75	HIGH	Uncharacterized protein	TrEMBL
Montipora_capitata_HIv3___RNAseq.g38063.t1	A0ABN8NAT4	A0ABN8NAT4_9CNID	81.503	346	64	0	148	1185	294	639	0.0	584	1188	639	99	HIGH	Uncharacterized protein	TrEMBL
Montipora_capitata_HIv3___RNAseq.g38221.t1	A0AAD9Q9Z7	A0AAD9Q9Z7_ACRCE	71.642	67	19	0	106	306	25	91	3.16e-23	98.6	309	213	65	HIGH	Uncharacterized protein	TrEMBL
Montipora_capitata_HIv3___RNAseq.g38222.t1	A0ABN8LUC4	A0ABN8LUC4_9CNID	86.322	329	45	0	1	987	113	441	0.0	619	1008	670	98	HIGH	Uncharacterized protein (Fragment)	TrEMBL
Montipora_capitata_HIv3___RNAseq.g38223.t1	A0ABN8LQQ5	A0ABN8LQQ5_9CNID	60.000	400	155	4	1	1197	315	710	1.08e-166	496	1344	733	89	HIGH	Uncharacterized protein (Fragment)	TrEMBL
Montipora_capitata_HIv3___RNAseq.g38656.t1	A0AAD9V046	A0AAD9V046_ACRCE	89.665	358	19	2	46	1068	46	402	0.0	616	1341	847	76	HIGH	Reverse transcriptase domain-containing protein	TrEMBL
Montipora_capitata_HIv3___RNAseq.g39507.t1	A0ABN8Q498	A0ABN8Q498_9CNID	80.859	256	46	1	118	876	29	284	3.70e-60	202	879	284	86	HIGH	Uncharacterized protein (Fragment)	TrEMBL
Montipora_capitata_HIv3___RNAseq.g39525.t1	A0AAD9UXJ7	A0AAD9UXJ7_ACRCE	58.382	173	55	1	40	507	50	222	8.61e-40	149	774	304	60	HIGH	receptor protein-tyrosine kinase (Fragment)	TrEMBL
Montipora_capitata_HIv3___RNAseq.g39702.t1	A0ABN8QW35	A0ABN8QW35_9CNID	56.000	125	52	1	391	756	94	218	2.65e-29	119	765	221	48	LOW	Uncharacterized protein (Fragment)	TrEMBL
Montipora_capitata_HIv3___RNAseq.g39717.t1	A0ABN8PLA0	A0ABN8PLA0_9CNID	65.371	283	95	2	112	960	34	313	2.81e-126	373	963	313	88	HIGH	Uncharacterized protein	TrEMBL
Montipora_capitata_HIv3___RNAseq.g39759.t1	A0AAD9USZ2	A0AAD9USZ2_ACRCE	58.213	347	117	7	31	996	43	386	1.80e-123	370	1026	394	94	HIGH	Uncharacterized protein	TrEMBL
Montipora_capitata_HIv3___RNAseq.g39912.t1	A0AAD9QCB6	A0AAD9QCB6_ACRCE	67.412	850	260	3	1	2550	1	833	0.0	1142	2904	1573	97	HIGH	Integrase zinc-binding domain-containing protein	TrEMBL
Montipora_capitata_HIv3___RNAseq.g19122.t1	A0AAD9QQ95	A0AAD9QQ95_ACRCE	50.000	126	60	2	1	369	199	324	1.17e-29	118	378	325	98	HIGH	Uncharacterized protein	TrEMBL
Montipora_capitata_HIv3___RNAseq.g19123.t1	A0AAD9QQ95	A0AAD9QQ95_ACRCE	47.788	113	57	1	310	642	212	324	5.85e-22	102	666	325	96	HIGH	Uncharacterized protein	TrEMBL
Montipora_capitata_HIv3___RNAseq.g19132.t1	A0ABN8M037	A0ABN8M037_9CNID	47.826	115	54	4	1	345	1	109	1.88e-19	88.2	465	126	74	MEDIUM	Uncharacterized protein	TrEMBL
Montipora_capitata_HIv3___TS.g32687.t1	A0A2B4S783	A0A2B4S783_STYPI	82.482	137	24	0	7	417	1	137	3.35e-66	218	816	305	50	MEDIUM	Uncharacterized protein	TrEMBL
Montipora_capitata_HIv3___RNAseq.g19139.t1	A0AAD9QQ76	A0AAD9QQ76_ACRCE	61.682	107	41	0	1	321	1	107	7.02e-39	142	378	313	85	HIGH	Uncharacterized protein	TrEMBL
Montipora_capitata_HIv3___RNAseq.g19167.t1	A0ABN8MJI2	A0ABN8MJI2_9CNID	55.906	127	49	4	19	396	4	124	8.78e-37	133	474	147	80	HIGH	Uncharacterized protein	TrEMBL
Montipora_capitata_HIv3___RNAseq.g19177.t1	A0AAU9W3Y9	A0AAU9W3Y9_9CNID	52.033	123	58	1	1	366	1	123	4.25e-35	127	375	125	98	HIGH	UPAR/Ly6 domain-containing protein	TrEMBL
Montipora_capitata_HIv3___TS.g32732.t1	A0ABN8PED4	A0ABN8PED4_9CNID	81.915	94	17	0	1	282	89	182	5.81e-50	165	285	182	99	HIGH	Uncharacterized protein	TrEMBL
Montipora_capitata_HIv3___TS.g32734.t2	A0ABN8M8Q3	A0ABN8M8Q3_9CNID	50.549	91	42	3	160	432	1	88	6.10e-19	87.0	498	109	55	MEDIUM	Uncharacterized protein (Fragment)	TrEMBL
Montipora_capitata_HIv3___RNAseq.g19337.t1	A0AAD9V8S9	A0AAD9V8S9_ACRCE	47.423	194	88	7	4	576	486	668	1.86e-41	158	588	668	97	HIGH	Tetratricopeptide repeat protein 29	TrEMBL
Montipora_capitata_HIv3___RNAseq.g19570.t1	A0AAD9V8N4	A0AAD9V8N4_ACRCE	72.781	169	43	2	1	498	556	724	1.21e-75	250	513	780	97	HIGH	Glycine betaine transporter OpuD	TrEMBL
Montipora_capitata_HIv3___RNAseq.g19835.t1d	A0ABN8NWY6	A0ABN8NWY6_9CNID	64.516	93	33	0	253	531	713	805	1.58e-31	130	537	808	52	MEDIUM	Uncharacterized protein	TrEMBL
Montipora_capitata_HIv3___RNAseq.g19995.t1	A0AAD9R4V2	A0AAD9R4V2_ACRCE	55.474	274	115	6	985	1785	4584	4857	1.02e-70	259	1788	4857	83	HIGH	Uncharacterized protein	TrEMBL
Montipora_capitata_HIv3___RNAseq.g20095.t1	A0A4R5VQG5	A0A4R5VQG5_9BACI	37.569	181	90	5	13	525	9	176	1.26e-21	96.3	528	187	97	MEDIUM	Uncharacterized protein	TrEMBL
Montipora_capitata_HIv3___RNAseq.g20101.t1	A0ABU1J5N4	A0ABU1J5N4_9BACL	33.775	151	95	4	487	930	5	153	1.69e-19	94.7	1026	175	43	LOW	Uncharacterized protein	TrEMBL
Montipora_capitata_HIv3___RNAseq.g20151.t1	A0AAD9V7K6	A0AAD9V7K6_ACRCE	60.784	204	76	4	1	606	1	202	4.11e-86	262	627	202	97	HIGH	Secreted protein	TrEMBL
Montipora_capitata_HIv3___RNAseq.g20303.t1	A0A913XG51	A0A913XG51_EXADI	66.879	157	50	1	481	951	530	684	3.63e-61	219	1200	1269	47	LOW	DNA-directed DNA polymerase	TrEMBL
Montipora_capitata_HIv3___RNAseq.g20532.t1	A0A9X0A9G4	A0A9X0A9G4_9CNID	60.645	155	49	4	169	615	618	766	1.26e-44	176	1206	979	37	LOW	Uncharacterized protein	TrEMBL
Montipora_capitata_HIv3___RNAseq.g21206.t1	A0AAD9PYE1	A0AAD9PYE1_ACRCE	77.778	387	63	4	1228	2376	219	586	0.0	555	2577	631	45	LOW	Uncharacterized protein	TrEMBL
Montipora_capitata_HIv3___RNAseq.g21311.t1	A0ABN8SIC2	A0ABN8SIC2_9CNID	76.970	165	34	1	1	495	1	161	1.78e-88	265	516	165	96	HIGH	Uncharacterized protein	TrEMBL
Montipora_capitata_HIv3___RNAseq.g21397.t1a	A0AAD9QHF4	A0AAD9QHF4_ACRCE	54.274	234	100	4	712	1410	1	228	2.55e-79	261	1452	374	48	LOW	Uncharacterized protein	TrEMBL
Montipora_capitata_HIv3___TS.g35066.t1	A0A9X0CUW5	A0A9X0CUW5_9CNID	43.373	332	93	8	484	1206	135	462	1.44e-68	233	1209	462	85	HIGH	BEN domain-containing protein	TrEMBL
Montipora_capitata_HIv3___RNAseq.g21486.t1	A0A2B4RIG1	A0A2B4RIG1_STYPI	64.205	704	248	2	484	2583	222	925	0.0	987	2676	1177	87	HIGH	C2H2-type domain-containing protein	TrEMBL
Montipora_capitata_HIv3___RNAseq.g21704.t1	A0A6S7HWP8	A0A6S7HWP8_PARCT	46.053	76	33	4	43	246	7	82	3.51e-06	50.4	303	288	86	LOW	Uncharacterized protein	TrEMBL
Montipora_capitata_HIv3___TS.g35430.t1c	A0ABN8RKJ7	A0ABN8RKJ7_9CNID	75.000	624	155	1	652	2520	432	1055	0.0	1006	2550	1061	99	HIGH	Uncharacterized protein	TrEMBL
Montipora_capitata_HIv3___TS.g36191.t1	A0ABN8MFM6	A0ABN8MFM6_9CNID	63.008	246	91	0	382	1119	241	486	4.33e-91	292	1215	486	61	HIGH	Uncharacterized protein (Fragment)	TrEMBL
Montipora_capitata_HIv3___RNAseq.g22588.t1	A0A9W9YHH6	A0A9W9YHH6_9CNID	68.796	407	122	4	10	1224	8	411	0.0	561	1233	412	99	HIGH	Transmembrane protein	TrEMBL
Montipora_capitata_HIv3___RNAseq.g22699.t1	A0ABN8Q943	A0ABN8Q943_9CNID	31.715	309	193	4	100	1020	24	316	1.34e-54	191	1026	332	90	MEDIUM	Uncharacterized protein	TrEMBL
Montipora_capitata_HIv3___RNAseq.g22943.t1	A0AAD9R3G9	A0AAD9R3G9_ACRCE	52.632	228	102	3	4	684	40	262	1.47e-62	213	981	373	69	HIGH	Uncharacterized protein	TrEMBL
Montipora_capitata_HIv3___TS.g36774.t2	A0AAD9UUY8	A0AAD9UUY8_ACRCE	64.815	216	47	5	10	648	26	215	1.15e-74	248	1908	233	33	LOW	Uncharacterized protein	TrEMBL
Montipora_capitata_HIv3___RNAseq.g23158.t1	A0ABN8LW15	A0ABN8LW15_9CNID	70.192	208	62	0	13	636	391	598	4.55e-107	329	648	605	96	HIGH	Uncharacterized protein (Fragment)	TrEMBL
Montipora_capitata_HIv3___RNAseq.g23221.t1	A0AAD9UZS5	A0AAD9UZS5_ACRCE	28.022	182	118	7	28	555	5	179	6.53e-07	59.7	567	655	93	LOW	Uncharacterized protein	TrEMBL
Montipora_capitata_HIv3___RNAseq.g35091.t1	A0AAD9QRP1	A0AAD9QRP1_ACRCE	95.804	143	6	0	1	429	34	176	4.46e-86	294	1095	1453	39	LOW	Tetratricopeptide repeat protein 28	TrEMBL
Montipora_capitata_HIv3___RNAseq.g35114.t1	A0A9X0A3F6	A0A9X0A3F6_9CNID	67.442	43	14	0	298	170	251	293	2.68e-10	66.2	321	359	40	LOW	Uncharacterized protein	TrEMBL
Montipora_capitata_HIv3___RNAseq.g35400.t1	A0AAD9V403	A0AAD9V403_ACRCE	69.767	43	12	1	217	345	71	112	7.16e-08	59.7	348	562	37	LOW	Origin recognition complex subunit 3	TrEMBL
Montipora_capitata_HIv3___RNAseq.g35504.t1	A0A6S7H1V9	A0A6S7H1V9_PARCT	42.249	329	188	2	4	987	101	428	4.37e-81	262	1011	428	97	HIGH	ATP-dependent DNA helicase PIF1	TrEMBL
Montipora_capitata_HIv3___RNAseq.g35661.t1	A0AAD9VH01	A0AAD9VH01_ACRCE	38.604	487	250	16	1402	2829	550	998	4.11e-55	218	2832	998	93	MEDIUM	Uncharacterized protein	TrEMBL
Montipora_capitata_HIv3___RNAseq.g36521.t1	A0ABN8LTZ9	A0ABN8LTZ9_9CNID	52.713	129	60	1	386	3	26	154	7.37e-33	127	504	284	76	HIGH	Uncharacterized protein	TrEMBL
Montipora_capitata_HIv3___RNAseq.g36544.t1	A0A9X0D8G3	A0A9X0D8G3_9CNID	66.087	115	37	1	28	372	1	113	1.21e-49	165	453	137	76	HIGH	Uncharacterized protein	TrEMBL
Montipora_capitata_HIv3___RNAseq.g36574.t1	A0A1V4BZ59	A0A1V4BZ59_MICAE	53.846	65	26	2	7	192	6	69	2.40e-10	69.3	591	327	31	LOW	DUF7910 domain-containing protein	TrEMBL
Montipora_capitata_HIv3___TS.g6748.t1	A0AAD9UZ83	A0AAD9UZ83_ACRCE	68.000	50	16	0	1	150	1	50	2.45e-06	56.2	546	183	27	LOW	Uncharacterized protein	TrEMBL
Montipora_capitata_HIv3___RNAseq.g36794.t1	A0A913XR36	A0A913XR36_EXADI	57.962	628	238	8	52	1863	14	639	0.0	697	1899	651	95	HIGH	SWIM-type domain-containing protein	TrEMBL
Montipora_capitata_HIv3___RNAseq.g36856.t1	A0A2B4RS22	A0A2B4RS22_STYPI	79.462	409	58	6	658	1875	67	452	0.0	631	2100	476	74	HIGH	YqaJ viral recombinase domain-containing protein	TrEMBL
Montipora_capitata_HIv3___RNAseq.g28080.t1	A0ABN8Q294	A0ABN8Q294_9CNID	66.250	80	27	0	16	255	49	128	1.08e-18	86.7	333	196	72	MEDIUM	Uncharacterized protein	TrEMBL
Montipora_capitata_HIv3___RNAseq.g28101.t1	A0ABN8MH49	A0ABN8MH49_9CNID	50.980	51	25	0	1	153	1	51	1.80e-08	57.4	306	98	50	LOW	Uncharacterized protein	TrEMBL
Montipora_capitata_HIv3___RNAseq.g28234.t1	A0A2B4SDB1	A0A2B4SDB1_STYPI	45.455	264	127	4	127	918	18	264	2.42e-72	235	984	283	80	HIGH	FP protein C-terminal domain-containing protein	TrEMBL
Montipora_capitata_HIv3___RNAseq.g28264.t1	A0ABN8MED9	A0ABN8MED9_9CNID	80.576	798	141	2	1	2394	1	784	0.0	1318	2415	790	99	HIGH	Uncharacterized protein (Fragment)	TrEMBL
Montipora_capitata_HIv3___RNAseq.g28331.t1	A0ABN8RD97	A0ABN8RD97_9CNID	58.537	82	31	1	400	645	109	187	7.22e-22	98.6	654	189	38	LOW	Uncharacterized protein	TrEMBL
Montipora_capitata_HIv3___TS.g24803.t1	A0ABN8MI89	A0ABN8MI89_9CNID	35.878	131	71	3	1	393	1	118	8.94e-14	75.1	636	118	62	MEDIUM	Uncharacterized protein (Fragment)	TrEMBL
Montipora_capitata_HIv3___RNAseq.g28338.t1	A0ABN8MIU8	A0ABN8MIU8_9CNID	45.852	229	111	7	106	762	130	355	1.11e-57	197	786	364	84	HIGH	Uncharacterized protein	TrEMBL
Montipora_capitata_HIv3___RNAseq.g28345.t1	A0ABN8MIU8	A0ABN8MIU8_9CNID	39.344	183	99	5	1	522	176	355	3.85e-32	128	540	364	97	MEDIUM	Uncharacterized protein	TrEMBL
Montipora_capitata_HIv3___RNAseq.g28347.t1	A0ABN8P2Z8	A0ABN8P2Z8_9CNID	38.168	131	68	4	1	393	1	118	1.36e-13	77.4	474	364	83	MEDIUM	Uncharacterized protein	TrEMBL
Montipora_capitata_HIv3___RNAseq.g28351.t1	A0ABN8MIU8	A0ABN8MIU8_9CNID	39.891	183	98	5	1	522	176	355	3.51e-33	130	540	364	97	MEDIUM	Uncharacterized protein	TrEMBL
Montipora_capitata_HIv3___RNAseq.g28355.t1	A0ABN8P565	A0ABN8P565_9CNID	40.000	145	73	6	1	429	1	133	1.70e-15	83.2	525	364	82	MEDIUM	Uncharacterized protein	TrEMBL
Montipora_capitata_HIv3___RNAseq.g28721.t1	A0AAD9UZ03	A0AAD9UZ03_ACRCE	92.346	601	21	1	1	1803	1	576	0.0	1131	3522	828	63	HIGH	SAP domain-containing protein	TrEMBL
Montipora_capitata_HIv3___TS.g25598.t1	A0AAD9QGQ9	A0AAD9QGQ9_ACRCE	81.061	132	24	1	1	396	1	131	1.75e-57	208	1554	475	57	MEDIUM	UBX domain-containing protein	TrEMBL
Montipora_capitata_HIv3___RNAseq.g29130.t1	A0AAD9Q8P4	A0AAD9Q8P4_ACRCE	89.474	95	9	1	1	282	1	95	1.93e-47	159	498	109	57	MEDIUM	Uncharacterized protein	TrEMBL
Montipora_capitata_HIv3___RNAseq.g29141.t1	A0AAU9Y1N1	A0AAU9Y1N1_9CNID	53.623	69	24	2	13	219	1	61	4.64e-10	65.1	417	195	50	LOW	Uncharacterized protein	TrEMBL
Montipora_capitata_HIv3___RNAseq.g29153.t1	A0A6S7IEZ4	A0A6S7IEZ4_PARCT	45.882	85	43	1	262	507	96	180	4.96e-11	68.9	510	212	48	LOW	Uncharacterized protein	TrEMBL
Montipora_capitata_HIv3___RNAseq.g29213.t1	A0AAD9UUJ5	A0AAD9UUJ5_ACRCE	51.553	483	229	4	49	1494	33	511	8.77e-158	468	1500	512	96	HIGH	Uncharacterized protein	TrEMBL
Montipora_capitata_HIv3___RNAseq.g29220.t1	A0AAD9UUJ5	A0AAD9UUJ5_ACRCE	48.857	481	230	7	1	1404	34	511	2.61e-144	432	1446	512	97	HIGH	Uncharacterized protein	TrEMBL
Montipora_capitata_HIv3___RNAseq.g29304.t1	A0AAD9PVR5	A0AAD9PVR5_ACRCE	71.556	784	209	3	1714	4056	390	1162	0.0	1132	4209	1236	67	HIGH	Integrase catalytic domain-containing protein	TrEMBL
Montipora_capitata_HIv3___TS.g25797.t1	A0AAD9Q2G2	A0AAD9Q2G2_ACRCE	56.494	154	62	2	910	1371	176	324	6.25e-45	169	1392	336	33	LOW	Uncharacterized protein (Fragment)	TrEMBL
Montipora_capitata_HIv3___RNAseq.g29468.t1	A0ABN8P5W0	A0ABN8P5W0_9CNID	41.935	186	94	3	1	522	207	390	1.53e-31	127	540	396	97	HIGH	Uncharacterized protein	TrEMBL
Montipora_capitata_HIv3___RNAseq.g29472.t1	A0AAD9PW45	A0AAD9PW45_ACRCE	58.120	117	46	1	139	489	114	227	8.66e-32	124	555	238	63	HIGH	Uncharacterized protein	TrEMBL
Montipora_capitata_HIv3___RNAseq.g29625.t1b	A0A2B4SS42	A0A2B4SS42_STYPI	68.182	132	42	0	277	672	290	421	2.65e-52	186	843	445	47	LOW	CCHC-type domain-containing protein	TrEMBL
Montipora_capitata_HIv3___RNAseq.g12989.t1	A0AAD9QWE0	A0AAD9QWE0_ACRCE	42.075	2082	998	47	109	5997	26	2018	0.0	1305	6027	2033	98	HIGH	Non-specific serine/threonine protein kinase	TrEMBL
Montipora_capitata_HIv3___RNAseq.g13092.t1	A0AAD9VBR3	A0AAD9VBR3_ACRCE	57.426	101	43	0	190	492	12	112	2.31e-24	108	519	442	58	MEDIUM	DDE Tnp4 domain-containing protein	TrEMBL
Montipora_capitata_HIv3___RNAseq.g13129.t1	A0A6P8HBB0	A0A6P8HBB0_ACTTE	72.289	498	135	3	1	1488	1	497	0.0	735	1494	498	99	HIGH	Uncharacterized protein LOC116290778 isoform X2	TrEMBL
Montipora_capitata_HIv3___TS.g21221.t2	A0ABN8R024	A0ABN8R024_9CNID	49.553	559	207	18	91	1602	210	748	9.48e-137	425	1680	774	90	HIGH	Uncharacterized protein	TrEMBL
Montipora_capitata_HIv3___RNAseq.g13158.t1	A0ABN8PAW6	A0ABN8PAW6_9CNID	37.294	303	178	8	349	1251	1	293	7.28e-41	166	1632	607	55	MEDIUM	Uncharacterized protein	TrEMBL
Montipora_capitata_HIv3___RNAseq.g13213.t1	A0AAD9VC57	A0AAD9VC57_ACRCE	74.539	271	67	2	124	930	7	277	9.19e-152	436	951	296	85	HIGH	Phytanoyl-CoA dioxygenase	TrEMBL
Montipora_capitata_HIv3___TS.g21362.t2	A0AAD9QGL3	A0AAD9QGL3_ACRCE	78.008	241	34	3	1	714	1	225	2.63e-91	277	717	225	99	HIGH	Uncharacterized protein	TrEMBL
Montipora_capitata_HIv3___TS.g21513.t2	A0AAD9QQG5	A0AAD9QQG5_ACRCE	55.685	343	137	4	457	1458	254	590	1.21e-100	329	1461	803	69	HIGH	C2H2-type domain-containing protein	TrEMBL
Montipora_capitata_HIv3___TS.g21713.t1	A0A9W9Z1F8	A0A9W9Z1F8_9CNID	82.927	123	21	0	304	672	319	441	1.16e-68	226	681	441	54	MEDIUM	Integrase catalytic domain-containing protein	TrEMBL
Montipora_capitata_HIv3___TS.g21730.t1	A0ABN8PR25	A0ABN8PR25_9CNID	84.127	63	9	1	31	219	12	73	2.45e-30	110	222	73	85	HIGH	Uncharacterized protein	TrEMBL
Montipora_capitata_HIv3___RNAseq.g13680.t1	A0AAD9Q0I8	A0AAD9Q0I8_ACRCE	58.159	478	33	8	1	1200	1	389	1.10e-158	461	1203	389	99	HIGH	Integrase catalytic domain-containing protein	TrEMBL
Montipora_capitata_HIv3___RNAseq.g13866.t1	A0ABN8LBD2	A0ABN8LBD2_9CNID	37.410	417	183	13	211	1404	117	474	8.42e-53	194	1407	474	85	MEDIUM	Uncharacterized protein	TrEMBL
Montipora_capitata_HIv3___RNAseq.g14143.t1	A0ABN8SCZ2	A0ABN8SCZ2_9CNID	84.071	113	18	0	205	543	1	113	9.40e-63	199	597	114	57	MEDIUM	Uncharacterized protein	TrEMBL
Montipora_capitata_HIv3___RNAseq.g14145.t1	A0ABN8SB13	A0ABN8SB13_9CNID	50.178	281	124	4	181	999	1	273	5.26e-84	265	1032	278	79	HIGH	Uncharacterized protein (Fragment)	TrEMBL
Montipora_capitata_HIv3___RNAseq.g14350.t1	A0AAD9PST9	A0AAD9PST9_ACRCE	90.860	186	14	1	1	558	1	183	5.59e-110	330	1203	183	46	LOW	Uncharacterized protein	TrEMBL
Montipora_capitata_HIv3___RNAseq.g14363.t1	A0AAD9Q2K9	A0AAD9Q2K9_ACRCE	77.852	149	14	3	211	654	107	237	1.64e-66	224	705	529	63	HIGH	YqaJ viral recombinase domain-containing protein	TrEMBL
Montipora_capitata_HIv3___RNAseq.g14511.t1	A0A2B4T1V8	A0A2B4T1V8_STYPI	72.807	114	31	0	223	564	30	143	4.26e-46	174	804	762	43	LOW	Reverse transcriptase domain-containing protein	TrEMBL
Montipora_capitata_HIv3___RNAseq.g14568.t1	A0AAU9VZL3	A0AAU9VZL3_9CNID	61.429	70	26	1	4	213	5	73	1.70e-20	89.0	384	96	55	MEDIUM	PHD-type domain-containing protein	TrEMBL
Montipora_capitata_HIv3___RNAseq.g14616.t1	A0A6S7I9G6	A0A6S7I9G6_PARCT	75.177	141	35	0	1	423	954	1094	2.24e-68	234	471	1191	90	HIGH	Uncharacterized protein (Fragment)	TrEMBL
Montipora_capitata_HIv3___RNAseq.g14643.t1	A0ABN8PER2	A0ABN8PER2_9CNID	64.762	105	37	0	1	315	1	105	1.16e-37	144	333	701	95	HIGH	Uncharacterized protein	TrEMBL
Montipora_capitata_HIv3___RNAseq.g14772.t1	A0A9W9ZRX3	A0A9W9ZRX3_9CNID	44.737	76	39	2	88	312	20	93	9.02e-11	63.9	330	99	68	MEDIUM	Uncharacterized protein	TrEMBL
Montipora_capitata_HIv3___RNAseq.g14938.t1	A0A6S7GQ68	A0A6S7GQ68_PARCT	56.798	662	248	8	31	1914	15	672	0.0	698	1917	672	98	HIGH	40S ribosomal S2	TrEMBL
Montipora_capitata_HIv3___RNAseq.g15054.t1a	A0AAD9QA50	A0AAD9QA50_ACRCE	67.548	416	80	6	1	1191	1	380	4.22e-172	503	1800	387	66	HIGH	Uncharacterized protein	TrEMBL
Montipora_capitata_HIv3___RNAseq.g15054.t1b	A0AAD9QM76	A0AAD9QM76_ACRCE	53.623	69	32	0	211	417	80	148	2.99e-19	88.6	453	152	46	LOW	UBX domain-containing protein	TrEMBL
Montipora_capitata_HIv3___TS.g23146.t1c	A0A9D4S060	A0A9D4S060_DREPO	35.878	262	168	0	863	78	1	262	1.27e-43	161	1050	264	87	MEDIUM	Uncharacterized protein	TrEMBL
Montipora_capitata_HIv3___RNAseq.g15221.t1	A0AAD9QU17	A0AAD9QU17_ACRCE	54.225	284	105	3	139	978	3443	3705	6.25e-47	181	1011	3767	83	HIGH	Mucin-like protein	TrEMBL
Montipora_capitata_HIv3___RNAseq.g4930.t1	A0ABN8PKK0	A0ABN8PKK0_9CNID	91.209	91	8	0	1	273	175	265	5.81e-51	174	279	390	98	HIGH	Uncharacterized protein	TrEMBL
Montipora_capitata_HIv3___RNAseq.g4932.t1	A0A2B4RWY1	A0A2B4RWY1_STYPI	62.102	314	102	6	1	909	1	308	7.55e-113	340	912	363	99	HIGH	Uncharacterized protein	TrEMBL
Montipora_capitata_HIv3___RNAseq.g4934.t1	A0AAD9PVJ0	A0AAD9PVJ0_ACRCE	81.089	349	61	3	1	1032	1	349	3.23e-173	494	1035	349	99	HIGH	Uncharacterized protein	TrEMBL
Montipora_capitata_HIv3___RNAseq.g5059.t1	A0AAD9QXN2	A0AAD9QXN2_ACRCE	86.555	119	16	0	1	357	1	119	4.45e-72	220	360	121	99	HIGH	Uncharacterized protein	TrEMBL
Montipora_capitata_HIv3___TS.g26873.t1	A0A6S7G503	A0A6S7G503_PARCT	31.894	301	175	6	10	903	10	283	1.38e-35	148	1020	1364	88	MEDIUM	Chromatin modification-related YNG2	TrEMBL
Montipora_capitata_HIv3___RNAseq.g5270.t1	A0A9W9Z259	A0A9W9Z259_9CNID	33.758	157	89	4	217	660	1	151	5.43e-14	77.0	666	153	67	MEDIUM	Lectin	TrEMBL
Montipora_capitata_HIv3___TS.g27540.t1	A0A2B4SI97	A0A2B4SI97_STYPI	85.219	433	55	1	226	1524	1	424	0.0	738	1821	448	71	HIGH	Uncharacterized protein (Fragment)	TrEMBL
Montipora_capitata_HIv3___TS.g27791.t1	A0ABN8RQT8	A0ABN8RQT8_9CNID	81.224	245	46	0	73	807	246	490	4.16e-130	389	939	513	78	HIGH	Uncharacterized protein	TrEMBL
Montipora_capitata_HIv3___RNAseq.g6532.t1	A0A2B4S704	A0A2B4S704_STYPI	65.728	213	17	2	199	678	376	585	2.14e-72	257	1659	829	29	LOW	RNA-directed DNA polymerase from mobile element jockey	TrEMBL
Montipora_capitata_HIv3___RNAseq.g6534.t1	A0ABN8N380	A0ABN8N380_9CNID	58.462	130	52	1	127	516	12	139	5.18e-42	150	651	188	60	HIGH	Uncharacterized protein (Fragment)	TrEMBL
Montipora_capitata_HIv3___RNAseq.g6536.t1a	A0AAD9QHQ7	A0AAD9QHQ7_ACRCE	79.006	181	38	0	283	825	462	642	8.31e-67	229	828	642	66	HIGH	Peroxidasin-like protein	TrEMBL
Montipora_capitata_HIv3___TS.g28328.t1	A0ABN8M777	A0ABN8M777_9CNID	69.663	89	26	1	310	576	11	98	3.31e-34	130	639	205	42	LOW	Uncharacterized protein (Fragment)	TrEMBL
Montipora_capitata_HIv3___RNAseq.g6560.t1	A0ABN8R3T8	A0ABN8R3T8_9CNID	68.531	143	43	2	1	423	1	143	9.96e-62	209	615	492	69	HIGH	Uncharacterized protein	TrEMBL
Montipora_capitata_HIv3___RNAseq.g6650.t1	A0A3M6THU5	A0A3M6THU5_POCDA	68.018	222	69	2	1	660	279	500	1.04e-91	292	663	679	99	HIGH	Peptidase A2 domain-containing protein (Fragment)	TrEMBL
Montipora_capitata_HIv3___RNAseq.2336_t	A0AAU9VXG0	A0AAU9VXG0_9CNID	53.383	133	59	1	184	582	5	134	5.80e-44	153	627	134	64	HIGH	Uncharacterized protein (Fragment)	TrEMBL
Montipora_capitata_HIv3___RNAseq.g6709.t1	A0A2B4SBQ8	A0A2B4SBQ8_STYPI	42.424	297	143	9	115	969	9	289	9.38e-56	192	996	290	86	HIGH	Uncharacterized protein	TrEMBL
Montipora_capitata_HIv3___RNAseq.g6767.t1	A0AAD9V109	A0AAD9V109_ACRCE	71.579	95	26	1	1	282	1	95	2.33e-40	140	366	119	77	HIGH	Uncharacterized protein	TrEMBL
Montipora_capitata_HIv3___RNAseq.g6958.t1	A0ABN8SY98	A0ABN8SY98_9CNID	45.638	149	66	3	1	447	63	196	1.08e-29	117	474	216	94	HIGH	Uncharacterized protein	TrEMBL
Montipora_capitata_HIv3___TS.g14500.t1	A0ABN8P427	A0ABN8P427_9CNID	67.045	88	28	1	1	264	13	99	5.39e-30	114	267	187	99	HIGH	Uncharacterized protein (Fragment)	TrEMBL
Montipora_capitata_HIv3___RNAseq.g30467.t1	A0ABN8RGN6	A0ABN8RGN6_9CNID	33.724	682	378	24	151	2112	1	636	5.73e-64	241	2232	982	92	MEDIUM	Uncharacterized protein (Fragment)	TrEMBL
Montipora_capitata_HIv3___TS.g15116.t1	A0AAD9V0B3	A0AAD9V0B3_ACRCE	50.704	213	103	2	625	1257	1082	1294	4.04e-44	177	1401	2439	45	LOW	E3 ubiquitin-protein ligase SRFP1	TrEMBL
Montipora_capitata_HIv3___RNAseq.g30640.t1	A0AAD9V0B3	A0AAD9V0B3_ACRCE	47.531	1033	479	19	55	3099	21	1008	0.0	818	4425	2439	83	HIGH	E3 ubiquitin-protein ligase SRFP1	TrEMBL
Montipora_capitata_HIv3___RNAseq.g30915.t1	A0AAD9QAL2	A0AAD9QAL2_ACRCE	55.939	261	101	8	1	774	1	250	1.72e-55	202	780	1543	99	HIGH	Eukaryotic translation initiation factor 4 gamma 1	TrEMBL
Montipora_capitata_HIv3___RNAseq.g31002.t1	A0ABN8LXF3	A0ABN8LXF3_9CNID	52.745	510	215	13	85	1584	7	500	1.88e-149	447	1587	500	95	HIGH	Uncharacterized protein (Fragment)	TrEMBL
Montipora_capitata_HIv3___RNAseq.g31153.t1	A0ABN8R1X7	A0ABN8R1X7_9CNID	34.510	255	158	4	1	744	16	268	1.87e-42	159	1143	268	65	MEDIUM	Uncharacterized protein	TrEMBL
Montipora_capitata_HIv3___RNAseq.g31299.t1	A0ABN8MNL1	A0ABN8MNL1_9CNID	40.123	162	82	5	40	501	14	168	1.92e-27	111	552	186	84	HIGH	Uncharacterized protein (Fragment)	TrEMBL
Montipora_capitata_HIv3___TS.g16502.t1	A0AAU9X1H7	A0AAU9X1H7_9CNID	64.653	331	58	6	358	1344	2	275	1.61e-133	395	1347	275	73	HIGH	Uncharacterized protein (Fragment)	TrEMBL
Montipora_capitata_HIv3___RNAseq.g32166.t1	A0AAD9Q5F8	A0AAD9Q5F8_ACRCE	70.526	95	28	0	1	285	1	95	1.87e-33	123	459	101	62	HIGH	Coiled-coil domain-containing protein 172	TrEMBL
Montipora_capitata_HIv3___TS.g16805.t1	A0A6P8HBB0	A0A6P8HBB0_ACTTE	69.508	305	90	3	892	1800	7	310	2.89e-135	413	1812	498	50	MEDIUM	Uncharacterized protein LOC116290778 isoform X2	TrEMBL
Montipora_capitata_HIv3___RNAseq.g32807.t1	A0A2B4SM74	A0A2B4SM74_STYPI	48.889	180	78	2	16	513	6	185	3.30e-41	154	618	426	81	HIGH	Uncharacterized protein	TrEMBL
Montipora_capitata_HIv3___RNAseq.g33022.t1	A0AAU9WSZ9	A0AAU9WSZ9_9CNID	86.290	124	17	0	1	372	40	163	4.02e-73	225	411	165	91	HIGH	PAZ domain-containing protein (Fragment)	TrEMBL
Montipora_capitata_HIv3___TS.g17623.t1	A0ABN8P6E0	A0ABN8P6E0_9CNID	57.692	208	85	3	412	1035	15	219	3.96e-73	235	1041	222	60	HIGH	Uncharacterized protein	TrEMBL
Montipora_capitata_HIv3___TS.g17701.t1b	A0AAD9QAL6	A0AAD9QAL6_ACRCE	63.177	831	265	6	4	2373	11	841	0.0	959	2640	854	90	HIGH	Uncharacterized protein	TrEMBL
Montipora_capitata_HIv3___RNAseq.g33277.t1	A0ABN8T2X7	A0ABN8T2X7_9CNID	40.854	164	85	5	70	543	30	187	3.70e-28	120	891	303	53	MEDIUM	Uncharacterized protein	TrEMBL
Montipora_capitata_HIv3___RNAseq.g33283.t1	A0AAD9PXQ6	A0AAD9PXQ6_ACRCE	58.879	107	42	2	73	387	23	129	1.17e-30	124	906	214	35	LOW	Uncharacterized protein (Fragment)	TrEMBL
Montipora_capitata_HIv3___RNAseq.g33294.t1	A0AAD9VE79	A0AAD9VE79_ACRCE	51.923	104	48	1	217	522	1	104	1.20e-20	102	1128	328	27	LOW	Uncharacterized protein	TrEMBL
Montipora_capitata_HIv3___RNAseq.g33457.t1	A0AAD9R0L3	A0AAD9R0L3_ACRCE	77.593	241	51	1	1	723	1	238	1.14e-133	385	726	239	99	HIGH	Uncharacterized protein	TrEMBL
Montipora_capitata_HIv3___RNAseq.g33666.t1	A0ABN8ST21	A0ABN8ST21_9CNID	48.739	119	56	2	37	390	35	149	4.83e-23	97.8	408	153	87	HIGH	Uncharacterized protein	TrEMBL
Montipora_capitata_HIv3___RNAseq.g33697.t1	A0AAD9VDX5	A0AAD9VDX5_ACRCE	68.846	520	152	5	1	1554	1	512	0.0	666	1995	933	78	HIGH	Uncharacterized protein	TrEMBL
Montipora_capitata_HIv3___RNAseq.g33966.t1	A0AAD9QZY0	A0AAD9QZY0_ACRCE	60.947	338	117	3	1	975	17	352	2.26e-147	428	978	354	99	HIGH	Fibrinogen C-terminal domain-containing protein (Fragment)	TrEMBL
Montipora_capitata_HIv3___RNAseq.g34150.t1	A0AAD9R0U7	A0AAD9R0U7_ACRCE	59.701	67	27	0	1	201	867	933	1.41e-20	94.0	219	1349	92	MEDIUM	Hemicentin-1	TrEMBL
Montipora_capitata_HIv3___TS.g18725.t1	A0AAD9QZW6	A0AAD9QZW6_ACRCE	71.835	387	99	2	4	1161	1	378	0.0	571	1164	381	99	HIGH	Uncharacterized protein	TrEMBL
Montipora_capitata_HIv3___TS.g18789.t1	A0A9W9YX66	A0A9W9YX66_9CNID	48.000	125	59	3	262	621	8	131	7.95e-31	119	624	131	58	MEDIUM	GIY-YIG domain-containing protein	TrEMBL
Montipora_capitata_HIv3___RNAseq.g34294.t1	A0AAD9VHQ8	A0AAD9VHQ8_ACRCE	78.233	317	67	1	1	951	1	315	6.85e-169	481	957	316	99	HIGH	Uncharacterized protein	TrEMBL
Montipora_capitata_HIv3___RNAseq.g34701.t1	A0AAD9PWC8	A0AAD9PWC8_ACRCE	66.667	426	130	3	28	1293	436	853	0.0	569	1299	854	97	HIGH	Uncharacterized protein	TrEMBL
Montipora_capitata_HIv3___RNAseq.g24498.t1	A0ABN8RZS5	A0ABN8RZS5_9CNID	52.252	111	49	1	1126	1446	1095	1205	4.18e-21	108	1455	1214	22	LOW	Uncharacterized protein	TrEMBL
Montipora_capitata_HIv3___TS.g7658.t1	A0ABN8NZP1	A0ABN8NZP1_9CNID	46.821	173	83	5	199	696	1	171	1.44e-35	146	1233	446	61	HIGH	Uncharacterized protein	TrEMBL
Montipora_capitata_HIv3___RNAseq.g24511.t1	A0AAD9V956	A0AAD9V956_ACRCE	71.242	153	36	2	319	759	235	385	7.73e-71	233	843	385	52	MEDIUM	Uncharacterized protein (Fragment)	TrEMBL
Montipora_capitata_HIv3___RNAseq.g24512.t1	A0AAD9PSN5	A0AAD9PSN5_ACRCE	91.589	107	9	0	61	381	1	107	7.21e-69	211	384	107	84	HIGH	Uncharacterized protein	TrEMBL
Montipora_capitata_HIv3___RNAseq.g24664.t1	A0A7D9IZX2	A0A7D9IZX2_PARCT	45.287	488	234	8	13	1440	8	474	5.62e-106	353	1452	1356	98	HIGH	Chromatin modification-related YNG2	TrEMBL
Montipora_capitata_HIv3___RNAseq.g24776.t1	A0AAD9QLC3	A0AAD9QLC3_ACRCE	95.556	45	2	0	1	135	1	45	2.37e-23	95.1	252	111	54	MEDIUM	NADH dehydrogenase [ubiquinone] 1 subunit C2	TrEMBL
Montipora_capitata_HIv3___RNAseq.g25023.t1	A0A9W9Z040	A0A9W9Z040_9CNID	36.820	239	112	10	100	792	29	236	2.89e-28	117	798	237	87	MEDIUM	Uncharacterized protein	TrEMBL
Montipora_capitata_HIv3___RNAseq.g25541.t2	A0AAU9XNX4	A0AAU9XNX4_9CNID	48.182	660	304	10	2074	4026	131	761	0.0	598	4029	761	48	LOW	Uncharacterized protein (Fragment)	TrEMBL
Montipora_capitata_HIv3___RNAseq.g26022.t1	A0AAD9PSC0	A0AAD9PSC0_ACRCE	80.000	215	35	2	1180	1800	26	240	5.66e-103	321	1803	240	34	LOW	Uncharacterized protein	TrEMBL
Montipora_capitata_HIv3___TS.g9833.t1	A0AAD9V4S2	A0AAD9V4S2_ACRCE	36.012	336	201	6	211	1200	12	339	1.64e-50	195	1392	991	71	MEDIUM	DNA-directed DNA polymerase	TrEMBL
Montipora_capitata_HIv3___RNAseq.g26615.t1	A0AAD9QVM6	A0AAD9QVM6_ACRCE	38.489	278	142	8	13	828	6	260	7.25e-21	99.4	834	263	98	MEDIUM	Uncharacterized protein	TrEMBL
Montipora_capitata_HIv3___TS.g9853.t1	A0ABN8LWM8	A0ABN8LWM8_9CNID	99.548	221	1	0	1	663	1	221	6.49e-162	462	795	358	83	HIGH	Uncharacterized protein	TrEMBL
Montipora_capitata_HIv3___TS.g9947.t1	A0AAD9QUP8	A0AAD9QUP8_ACRCE	63.636	165	36	1	1507	1929	19	183	8.89e-52	189	2073	231	77	HIGH	BRICHOS domain-containing protein	TrEMBL
Montipora_capitata_HIv3___RNAseq.g26930.t1	A0A3M6UHZ0	A0A3M6UHZ0_POCDA	54.545	154	62	3	49	504	21	168	2.53e-46	159	528	179	86	HIGH	GIY-YIG domain-containing protein	TrEMBL
Montipora_capitata_HIv3___RNAseq.g26933.t1	A0AAD9V799	A0AAD9V799_ACRCE	63.694	1424	507	9	67	4329	86	1502	0.0	1892	4353	1512	98	HIGH	Uncharacterized protein	TrEMBL
Montipora_capitata_HIv3___RNAseq.g27094.t1	A0ABN8N4A6	A0ABN8N4A6_9CNID	56.757	407	148	9	55	1227	1	395	3.93e-127	409	1617	1180	91	HIGH	Uncharacterized protein	TrEMBL
Montipora_capitata_HIv3___TS.g10389.t1	A0A7D9HEX3	A0A7D9HEX3_PARCT	57.485	334	141	1	1	999	502	835	8.67e-133	413	1140	962	88	HIGH	Reverse transcriptase	TrEMBL
Montipora_capitata_HIv3___RNAseq.g15650.t1a	A0A2B4RLE6	A0A2B4RLE6_STYPI	71.144	1407	365	7	1	4206	1	1371	0.0	1995	4683	1769	90	HIGH	Pro-Pol polyprotein	TrEMBL
Montipora_capitata_HIv3___TS.g11004.t1	A0A8B6BEB4	A0A8B6BEB4_MYTGA	41.333	150	85	2	1	450	342	488	7.05e-25	109	456	493	99	HIGH	Reverse transcriptase domain-containing protein	TrEMBL
Montipora_capitata_HIv3___RNAseq.g16017.t1	A0AAD9PX32	A0AAD9PX32_ACRCE	70.083	361	107	1	82	1161	2	362	0.0	536	1164	363	93	HIGH	Uncharacterized protein	TrEMBL
Montipora_capitata_HIv3___RNAseq.g16335.t1	A0AAD9UZS8	A0AAD9UZS8_ACRCE	60.825	291	110	2	100	966	19	307	5.22e-115	344	972	308	89	HIGH	Uncharacterized protein	TrEMBL
Montipora_capitata_HIv3___RNAseq.g16339.t1	A0AAD9VI97	A0AAD9VI97_ACRCE	85.119	336	46	2	1	996	1	336	0.0	585	999	336	99	HIGH	VOC domain-containing protein	TrEMBL
Montipora_capitata_HIv3___RNAseq.g16461.t1	A0A6S7GMH1	A0A6S7GMH1_PARCT	40.426	141	82	1	31	447	5	145	1.16e-28	114	567	167	74	HIGH	Uncharacterized protein	TrEMBL
Montipora_capitata_HIv3___RNAseq.g16462.t1	A0A2B4R9D1	A0A2B4R9D1_STYPI	57.927	164	42	4	1	423	299	458	2.07e-47	168	435	463	97	HIGH	Uncharacterized protein	TrEMBL
Montipora_capitata_HIv3___RNAseq.g16637.t1	A0A9W9YZ92	A0A9W9YZ92_9CNID	64.525	358	72	6	67	1059	152	481	2.13e-140	427	1836	512	54	MEDIUM	CxC1-like cysteine cluster associated with KDZ transposases domain-containing protein	TrEMBL
Montipora_capitata_HIv3___TS.g12075.t1	A0AAD9PZL2	A0AAD9PZL2_ACRCE	60.286	559	149	5	4	1560	237	762	0.0	677	1563	787	99	HIGH	SAP domain-containing protein	TrEMBL
Montipora_capitata_HIv3___RNAseq.g16765.t1	A0A9W9Z5Y5	A0A9W9Z5Y5_9CNID	82.500	120	19	1	1	360	3	120	2.73e-67	207	363	120	99	HIGH	Uncharacterized protein	TrEMBL
Montipora_capitata_HIv3___RNAseq.g16878.t1	A0A7D9M514	A0A7D9M514_PARCT	39.153	189	113	2	1	567	41	227	2.03e-38	152	1395	314	41	LOW	Transient receptor potential cation channel subfamily A member 1 (Fragment)	TrEMBL
Montipora_capitata_HIv3___TS.g13101.t1	A0A2B4RLE6	A0A2B4RLE6_STYPI	69.673	643	179	6	586	2493	344	977	0.0	947	3663	1769	98	HIGH	Pro-Pol polyprotein	TrEMBL
Montipora_capitata_HIv3___RNAseq.g17872.t1	A0ABN8PZH1	A0ABN8PZH1_9CNID	54.839	341	103	4	463	1344	132	468	3.97e-120	370	1533	470	69	HIGH	Uncharacterized protein	TrEMBL
Montipora_capitata_HIv3___RNAseq.g18312.t1	A0A913X197	A0A913X197_EXADI	43.689	103	38	2	1	249	1362	1464	8.90e-15	78.2	264	1480	94	MEDIUM	ATP-dependent DNA helicase	TrEMBL
Montipora_capitata_HIv3___RNAseq.g18314.t1	A0A6P8HAY5	A0A6P8HAY5_ACTTE	34.862	218	127	7	64	684	151	364	8.43e-29	121	726	366	86	MEDIUM	Uncharacterized protein LOC116287300	TrEMBL
Montipora_capitata_HIv3___RNAseq.g18598.t1	A0ABN8QXE9	A0ABN8QXE9_9CNID	41.360	353	177	8	52	1056	21	361	1.79e-73	242	1092	368	92	HIGH	Uncharacterized protein (Fragment)	TrEMBL
Montipora_capitata_HIv3___RNAseq.g44557.t1	A0A2B4S550	A0A2B4S550_STYPI	80.952	168	32	0	1	504	1	168	1.98e-88	278	1236	249	41	LOW	Reverse transcriptase domain-containing protein	TrEMBL
Montipora_capitata_HIv3___RNAseq.g44580.t1	A0A7D9E4E5	A0A7D9E4E5_PARCT	32.353	306	173	8	19	906	5	286	1.01e-38	152	918	501	97	MEDIUM	CxC5 like cysteine cluster associated with KDZ domain-containing protein	TrEMBL
Montipora_capitata_HIv3___RNAseq.g44732.t1	A0AAU9VVX3	A0AAU9VVX3_9CNID	78.981	157	33	0	1	471	93	249	6.39e-73	229	528	267	89	HIGH	Uncharacterized protein	TrEMBL
Montipora_capitata_HIv3___RNAseq.g44740.t1	A0A6P8H028	A0A6P8H028_ACTTE	37.220	223	125	8	223	864	147	363	4.15e-29	124	873	365	74	MEDIUM	Uncharacterized protein LOC116287256	TrEMBL
Montipora_capitata_HIv3___RNAseq.g44832.t1	A0AAD9QHW0	A0AAD9QHW0_ACRCE	59.677	124	29	3	1	309	55	178	3.11e-37	134	312	206	99	HIGH	Peptide-N(4)-(N-acetyl-beta-glucosaminyl)asparagine amidase	TrEMBL
Montipora_capitata_HIv3___TS.g46118.t1	A0A3M6USR2	A0A3M6USR2_POCDA	69.444	36	11	0	257	364	3575	3610	1.77e-06	56.6	393	3614	27	LOW	AAA+ ATPase domain-containing protein	TrEMBL
Montipora_capitata_HIv3___RNAseq.g45046.t1	A0A2B4SZT8	A0A2B4SZT8_STYPI	65.761	368	93	3	55	1059	138	505	2.07e-145	439	1065	772	94	HIGH	Uncharacterized protein K02A2.6	TrEMBL
Montipora_capitata_HIv3___RNAseq.g45048.t1	A0ABN8RMY2	A0ABN8RMY2_9CNID	62.162	148	51	2	4	444	6	149	1.86e-49	174	447	449	99	HIGH	Uncharacterized protein	TrEMBL
Montipora_capitata_HIv3___RNAseq.g45196.t1	A0A913WSY7	A0A913WSY7_EXADI	55.970	134	55	2	1	390	349	482	5.48e-36	139	417	493	94	HIGH	Integrase catalytic domain-containing protein	TrEMBL
Montipora_capitata_HIv3___RNAseq.g45306.t1	A0A8B7XNX0	A0A8B7XNX0_ACAPL	33.721	86	56	1	61	315	296	381	1.17e-06	56.6	366	436	70	LOW	Uncharacterized protein LOC110974885	TrEMBL
Montipora_capitata_HIv3___RNAseq.g45326.t1	A0AAD9Q8V6	A0AAD9Q8V6_ACRCE	76.023	171	36	2	10	519	10	176	2.85e-71	224	579	197	88	HIGH	Uncharacterized protein	TrEMBL
Montipora_capitata_HIv3___RNAseq.g45508.t1	A0AAU9VNM1	A0AAU9VNM1_9CNID	76.757	185	43	0	1	555	703	887	1.88e-93	301	561	945	99	HIGH	RAG1 importin-binding domain-containing protein	TrEMBL
Montipora_capitata_HIv3___RNAseq.g466.t1a	A0AAD9QYY7	A0AAD9QYY7_ACRCE	78.378	222	48	0	160	825	175	396	7.48e-121	362	849	450	78	HIGH	LamG-like jellyroll fold domain-containing protein	TrEMBL
Montipora_capitata_HIv3___RNAseq.g555.t1	A0ABN8NX27	A0ABN8NX27_9CNID	52.764	199	86	2	73	669	8	198	4.13e-58	191	672	198	89	HIGH	Uncharacterized protein	TrEMBL
Montipora_capitata_HIv3___RNAseq.g698.t1	A0ABN8LSS7	A0ABN8LSS7_9CNID	68.233	447	121	4	211	1539	68	497	0.0	640	1548	499	86	HIGH	Uncharacterized protein (Fragment)	TrEMBL
Montipora_capitata_HIv3___RNAseq.g871.t1	A0A7D9HEX3	A0A7D9HEX3_PARCT	54.795	292	131	1	895	1767	509	800	1.59e-104	347	1806	962	98	HIGH	Reverse transcriptase	TrEMBL
Montipora_capitata_HIv3___RNAseq.g1339.t1	A0ABN8PEZ2	A0ABN8PEZ2_9CNID	64.390	205	61	4	394	1002	3	197	1.46e-67	221	1113	212	55	MEDIUM	Uncharacterized protein (Fragment)	TrEMBL
Montipora_capitata_HIv3___RNAseq.g1393.t1	A0AAD9UXK6	A0AAD9UXK6_ACRCE	68.209	670	212	1	1	2007	43	712	0.0	981	2028	712	99	HIGH	SAP domain-containing protein (Fragment)	TrEMBL
Montipora_capitata_HIv3___RNAseq.g1704.t1	A0AAD9PQK9	A0AAD9PQK9_ACRCE	93.159	804	53	1	1	2412	1144	1945	0.0	1415	2421	1991	99	HIGH	Protein NO VEIN	TrEMBL
Montipora_capitata_HIv3___RNAseq.g1832.t1	A0A2B4T072	A0A2B4T072_STYPI	40.659	91	48	1	1	273	69	153	8.09e-17	80.1	279	155	98	MEDIUM	Uncharacterized protein	TrEMBL
Montipora_capitata_HIv3___RNAseq.g1931.t1	A0AAU9VWE1	A0AAU9VWE1_9CNID	88.462	104	12	0	1	312	54	157	9.87e-40	143	522	196	60	HIGH	HTH-like domain-containing protein	TrEMBL
Montipora_capitata_HIv3___RNAseq.g2123.t1	A0AAU9W0A2	A0AAU9W0A2_9CNID	50.556	180	84	2	1	537	30	205	3.80e-45	168	1656	212	32	LOW	OTU domain-containing protein	TrEMBL
Montipora_capitata_HIv3___TS.g39823.t1b	A0A7D9DEG0	A0A7D9DEG0_PARCT	52.174	506	188	5	1	1512	346	799	4.10e-170	522	1857	1072	99	HIGH	DUF6589 domain-containing protein	TrEMBL
Montipora_capitata_HIv3___RNAseq.g2533.t1	A0ABN8QM69	A0ABN8QM69_9CNID	93.226	561	37	1	1	1683	1	560	0.0	1076	1686	560	99	HIGH	Uncharacterized protein	TrEMBL
Montipora_capitata_HIv3___RNAseq.g2539.t1	A0AAD9UXH0	A0AAD9UXH0_ACRCE	44.944	178	85	5	127	654	449	615	1.62e-32	144	1566	942	61	HIGH	DUF1758 domain-containing protein	TrEMBL
Montipora_capitata_HIv3___RNAseq.g2569.t1	A0AAD9R058	A0AAD9R058_ACRCE	90.141	710	70	0	1081	3210	177	886	0.0	1326	3213	886	85	HIGH	Transposase domain-containing protein	TrEMBL
Montipora_capitata_HIv3___RNAseq.g2627.t1	A0A2B4STN8	A0A2B4STN8_STYPI	88.439	173	20	0	391	909	160	332	1.41e-81	271	912	757	57	MEDIUM	Uncharacterized protein K02A2.6	TrEMBL
Montipora_capitata_HIv3___TS.g41480.t1	A0AAU9XAU9	A0AAU9XAU9_9CNID	83.209	536	59	3	427	2007	1	514	0.0	860	2094	525	76	HIGH	Uncharacterized protein (Fragment)	TrEMBL
Montipora_capitata_HIv3___TS.g41491.t1b	A0A2B4RLE6	A0A2B4RLE6_STYPI	70.827	1330	347	7	1	3975	73	1366	0.0	1876	3990	1769	99	HIGH	Pro-Pol polyprotein	TrEMBL
Montipora_capitata_HIv3___TS.g41615.t1	A0AAD9UR24	A0AAD9UR24_ACRCE	71.212	66	18	1	142	336	430	495	6.19e-19	92.0	390	832	50	MEDIUM	RNA-directed DNA polymerase from transposon BS (Fragment)	TrEMBL
Montipora_capitata_HIv3___RNAseq.g8859.t1	A0ABN8SSU3	A0ABN8SSU3_9CNID	92.623	122	9	0	70	435	38	159	7.64e-63	201	447	223	82	HIGH	Uncharacterized protein	TrEMBL
Montipora_capitata_HIv3___TS.g41812.t1	A0AAD9UUQ2	A0AAD9UUQ2_ACRCE	66.667	105	35	0	1	315	13	117	5.15e-38	144	384	507	82	HIGH	Endonuclease/exonuclease/phosphatase domain-containing protein	TrEMBL
Montipora_capitata_HIv3___RNAseq.g9192.t1	A0AAD9R7Q4	A0AAD9R7Q4_ACRCE	67.773	211	42	1	94	648	1	211	6.49e-99	295	651	211	85	HIGH	DSBA-like thioredoxin domain-containing protein	TrEMBL
Montipora_capitata_HIv3___RNAseq.g9226.t1	A0A9W9ZRX3	A0A9W9ZRX3_9CNID	44.706	85	43	4	235	483	6	88	8.97e-08	57.8	516	99	48	LOW	Uncharacterized protein	TrEMBL
Montipora_capitata_HIv3___RNAseq.g9262.t1	A0A6S7GYL8	A0A6S7GYL8_PARCT	48.435	607	272	12	43	1803	332	917	0.0	575	2373	1598	74	HIGH	Uncharacterized protein LOC113007567	TrEMBL
Montipora_capitata_HIv3___RNAseq.g9263.t1	A0AAD9PZP0	A0AAD9PZP0_ACRCE	94.406	143	7	1	97	522	129	271	1.44e-85	269	525	483	81	HIGH	Uncharacterized protein	TrEMBL
Montipora_capitata_HIv3___RNAseq.g9274.t1	A0AAD9VH96	A0AAD9VH96_ACRCE	68.981	216	54	3	40	672	110	317	4.27e-68	221	675	317	94	HIGH	Max-binding protein MNT	TrEMBL
Montipora_capitata_HIv3___TS.g42432.t1	A0AAD9Q5V0	A0AAD9Q5V0_ACRCE	80.899	356	38	4	46	1041	2	351	3.16e-179	542	2514	721	55	MEDIUM	DUF5641 domain-containing protein	TrEMBL
Montipora_capitata_HIv3___RNAseq.g9783.t1	A0AAD9QLU6	A0AAD9QLU6_ACRCE	91.964	224	18	0	1	672	1	224	6.33e-139	397	675	224	99	HIGH	Uncharacterized protein	TrEMBL
Montipora_capitata_HIv3___RNAseq.g9791.t1	A0AAD9QLU6	A0AAD9QLU6_ACRCE	86.885	183	22	1	1	543	1	183	7.66e-98	291	549	224	99	HIGH	Uncharacterized protein	TrEMBL
Montipora_capitata_HIv3___RNAseq.g9808.t1	A0A2B4SP77	A0A2B4SP77_STYPI	78.261	46	10	0	124	261	233	278	3.39e-17	86.7	366	603	38	LOW	Putative RNA-directed DNA polymerase from transposon X-element	TrEMBL
Montipora_capitata_HIv3___RNAseq.g9918.t1	A0A7D9INX9	A0A7D9INX9_PARCT	63.344	311	114	0	25	957	37	347	3.14e-141	412	963	349	97	HIGH	Ankyrin repeat domain-containing 34B	TrEMBL
Montipora_capitata_HIv3___RNAseq.g9995.t1	A0A913YSZ3	A0A913YSZ3_EXADI	41.722	453	233	10	13	1344	10	440	2.04e-98	327	1626	884	82	HIGH	ZAD domain-containing protein	TrEMBL
Montipora_capitata_HIv3___RNAseq.g10292.t1	A0ABN8LUC4	A0ABN8LUC4_9CNID	81.263	491	92	0	1	1473	180	670	0.0	858	1833	670	80	HIGH	Uncharacterized protein (Fragment)	TrEMBL
Montipora_capitata_HIv3___RNAseq.g10728.t1	A0AAD9USN4	A0AAD9USN4_ACRCE	59.314	204	66	5	28	618	1	194	7.87e-77	238	621	194	95	HIGH	PH domain-containing protein	TrEMBL
Montipora_capitata_HIv3___RNAseq.g10729.t1	A0ABN8R3T8	A0ABN8R3T8_9CNID	58.301	259	65	4	1	771	1	218	7.98e-95	298	861	492	90	HIGH	Uncharacterized protein	TrEMBL
Montipora_capitata_HIv3___RNAseq.g10753.t1	A0A9X0CCR3	A0A9X0CCR3_9CNID	56.486	1110	435	19	1	3282	1	1078	0.0	1228	3294	1081	99	HIGH	Translational activator for mitochondrial COX1	TrEMBL
Montipora_capitata_HIv3___RNAseq.g11034.t1	A0AAD9V630	A0AAD9V630_ACRCE	46.667	120	59	1	22	381	384	498	5.62e-21	104	915	676	39	LOW	BEN domain-containing protein 4	TrEMBL
Montipora_capitata_HIv3___RNAseq.g11157.t1	A0A2B4SKN8	A0A2B4SKN8_STYPI	57.664	137	51	3	1	408	170	300	1.76e-35	138	753	329	54	MEDIUM	Myb/SANT-like DNA-binding domain-containing protein	TrEMBL
Montipora_capitata_HIv3___TS.g44066.t2c	A0A9W9YMJ6	A0A9W9YMJ6_9CNID	76.098	205	46	3	1	612	135	337	1.03e-79	251	615	337	99	HIGH	Uncharacterized protein	TrEMBL
Montipora_capitata_HIv3___RNAseq.g11426.t1	A0A2B4SAL8	A0A2B4SAL8_STYPI	55.903	288	120	4	52	915	3	283	1.64e-116	346	918	283	94	HIGH	Uncharacterized protein	TrEMBL
Montipora_capitata_HIv3___TS.g44312.t1	A0AAD9QKN8	A0AAD9QKN8_ACRCE	38.446	1017	578	19	19	3000	4	995	0.0	623	3894	1828	90	MEDIUM	Integrase catalytic domain-containing protein	TrEMBL
Montipora_capitata_HIv3___RNAseq.g11520.t1	A0AAD9V1Y2	A0AAD9V1Y2_ACRCE	64.516	155	48	3	22	486	1	148	3.86e-50	167	489	148	95	HIGH	BHLH domain-containing protein	TrEMBL
Montipora_capitata_HIv3___RNAseq.g11521.t1	A0AAD9QBF1	A0AAD9QBF1_ACRCE	78.000	150	31	1	1	450	1	148	1.75e-47	161	534	151	84	HIGH	Uncharacterized protein	TrEMBL
Montipora_capitata_HIv3___RNAseq.g11648.t1	A0ABN8T4L4	A0ABN8T4L4_9CNID	73.856	153	37	1	1	450	13	165	7.30e-75	230	453	165	99	HIGH	Uncharacterized protein	TrEMBL
Montipora_capitata_HIv3___RNAseq.g11650.t1a	A0A6S7IZG0	A0A6S7IZG0_PARCT	46.080	829	407	13	301	2691	3	823	0.0	631	2925	1053	82	HIGH	Uncharacterized protein	TrEMBL
Montipora_capitata_HIv3___RNAseq.g11732.t1	A0AAD9QMD3	A0AAD9QMD3_ACRCE	41.975	162	67	6	10	417	3	163	1.06e-21	96.7	513	194	80	HIGH	Uncharacterized protein	TrEMBL
Montipora_capitata_HIv3___RNAseq.g12020.t1	A0ABN8PBY1	A0ABN8PBY1_9CNID	51.031	194	92	1	1	582	1	191	3.39e-45	157	585	192	99	HIGH	Uncharacterized protein	TrEMBL
Montipora_capitata_HIv3___TS.g44870.t1	A0ABN8LXV1	A0ABN8LXV1_9CNID	55.779	199	76	4	19	579	22	220	3.77e-66	211	582	220	96	HIGH	Uncharacterized protein	TrEMBL
Montipora_capitata_HIv3___TS.g46883.t1	A0AAD9Q259	A0AAD9Q259_ACRCE	40.618	842	370	19	1	2481	1	727	1.45e-159	496	2535	838	98	HIGH	Death domain-containing protein	TrEMBL
Montipora_capitata_HIv3___TS.g46935.t1	A0A6S7IGY5	A0A6S7IGY5_PARCT	41.228	342	163	11	4	996	94	408	2.27e-72	245	1512	413	66	HIGH	Uncharacterized protein	TrEMBL
Montipora_capitata_HIv3___RNAseq.g40523.t1	A0A6S7FY03	A0A6S7FY03_PARCT	45.312	128	63	4	151	525	364	487	1.80e-21	100	528	487	71	HIGH	DNA 3'-5' helicase	TrEMBL
Montipora_capitata_HIv3___TS.g46993.t1	A0A9W9YJ57	A0A9W9YJ57_9CNID	74.522	314	79	1	1030	1968	1	314	4.68e-164	482	1971	314	48	LOW	HECT domain-containing protein	TrEMBL
Montipora_capitata_HIv3___RNAseq.g40527.t1	A0T396	A0T396_ACRMI	35.676	185	111	3	16	561	5	184	2.12e-22	104	630	476	87	MEDIUM	TIR1	TrEMBL
Montipora_capitata_HIv3___RNAseq.g40534.t1	A0ABN8SNZ4	A0ABN8SNZ4_9CNID	53.333	165	72	4	22	507	28	190	2.76e-47	164	612	211	79	HIGH	Uncharacterized protein	TrEMBL
Montipora_capitata_HIv3___TS.g47119.t1	A0ABN8RJQ8	A0ABN8RJQ8_9CNID	70.330	364	107	1	100	1188	2	365	0.0	541	1464	610	74	HIGH	Uncharacterized protein	TrEMBL
Montipora_capitata_HIv3___RNAseq.g40726.t1	A8C9L8	A8C9L8_MONCP	98.837	172	2	0	106	621	1	172	3.87e-124	357	624	172	83	HIGH	Beta gamma crystallin isoform 8	TrEMBL
Montipora_capitata_HIv3___RNAseq.g40729.t1	A8C9M0	A8C9M0_MONCP	100.000	166	0	0	19	516	1	166	1.06e-119	344	519	166	96	HIGH	Beta gamma crystallin isoform 10 (Fragment)	TrEMBL
Montipora_capitata_HIv3___RNAseq.g40984.t1	A0A9X0CC90	A0A9X0CC90_9CNID	46.921	341	128	5	1477	2493	285	574	2.12e-68	247	2502	574	51	MEDIUM	UBX domain-containing protein	TrEMBL
Montipora_capitata_HIv3___RNAseq.g41012.t2	A0A9W9Z5A1	A0A9W9Z5A1_9CNID	45.771	402	185	3	28	1152	18	413	3.01e-115	352	1200	428	94	HIGH	Integrase catalytic domain-containing protein	TrEMBL
Montipora_capitata_HIv3___RNAseq.g41101.t1	A0A3M6UH31	A0A3M6UH31_POCDA	35.556	540	261	12	850	2244	23	550	3.22e-73	266	2289	899	93	MEDIUM	NACHT domain-containing protein (Fragment)	TrEMBL
Montipora_capitata_HIv3___RNAseq.g41112.t1	A0ABN8LD39	A0ABN8LD39_9CNID	52.549	510	218	12	1	1491	1789	2287	6.02e-115	395	2340	2333	94	HIGH	Uncharacterized protein	TrEMBL
Montipora_capitata_HIv3___RNAseq.g41387.t1	A0A9X0CW07	A0A9X0CW07_9CNID	52.941	51	22	1	61	207	282	332	3.72e-08	60.8	381	340	39	LOW	G-protein coupled receptors family 1 profile domain-containing protein	TrEMBL
Montipora_capitata_HIv3___TS.g48036.t1	A0ABN8RFC5	A0ABN8RFC5_9CNID	55.172	145	58	3	7	423	72	215	5.08e-44	164	435	1085	96	HIGH	Uncharacterized protein (Fragment)	TrEMBL
Montipora_capitata_HIv3___RNAseq.g41547.t1	A0A9X0D692	A0A9X0D692_9CNID	48.187	193	84	4	232	765	426	617	2.06e-45	176	987	1209	54	MEDIUM	Uncharacterized protein	TrEMBL
Montipora_capitata_HIv3___RNAseq.g41630.t1	A0ABN8PND9	A0ABN8PND9_9CNID	45.930	172	88	1	1	501	1	172	2.54e-49	166	513	174	98	HIGH	Uncharacterized protein	TrEMBL
Montipora_capitata_HIv3___RNAseq.g42128.t1	A0AAD9VB68	A0AAD9VB68_ACRCE	67.967	359	49	5	250	1128	103	461	4.39e-150	441	1131	461	78	HIGH	HECT domain-containing protein	TrEMBL
Montipora_capitata_HIv3___RNAseq.g42457.t1	A0A7D9IZX2	A0A7D9IZX2_PARCT	46.400	375	181	8	112	1200	29	395	1.94e-71	261	1764	1356	72	HIGH	Chromatin modification-related YNG2	TrEMBL
Montipora_capitata_HIv3___TS.g49208.t1	A0AAD9PZV3	A0AAD9PZV3_ACRCE	67.616	281	58	1	7	849	5	252	5.14e-134	389	852	252	99	HIGH	Thiaminase-2/PQQC domain-containing protein	TrEMBL
Montipora_capitata_HIv3___RNAseq.g43081.t1	A0AAD9UW16	A0AAD9UW16_ACRCE	91.525	59	5	0	256	432	55	113	6.96e-36	118	822	145	33	LOW	Uncharacterized protein	TrEMBL
Montipora_capitata_HIv3___RNAseq.g43082.t1	A0A2B4SP54	A0A2B4SP54_STYPI	46.024	591	243	7	43	1608	14	597	5.10e-176	537	1887	1036	83	HIGH	C2H2-type domain-containing protein	TrEMBL
Montipora_capitata_HIv3___RNAseq.g43106.t1	A0ABN8QRM2	A0ABN8QRM2_9CNID	67.797	118	36	2	70	420	1	117	9.05e-51	167	426	118	82	HIGH	Uncharacterized protein	TrEMBL
Montipora_capitata_HIv3___TS.g49631.t1	A0A3M6T881	A0A3M6T881_POCDA	72.908	251	39	2	1	666	780	1030	1.75e-115	362	672	1031	99	HIGH	OTU domain-containing protein	TrEMBL
Montipora_capitata_HIv3___RNAseq.g44001.t1	A0A2B4S2U4	A0A2B4S2U4_STYPI	42.857	56	32	0	34	201	1143	1198	5.22e-07	56.2	273	1203	62	LOW	Mitochondrial dynamics protein MID51	TrEMBL
Montipora_capitata_HIv3___RNAseq.g44022.t1	A0A2B4S5K5	A0A2B4S5K5_STYPI	53.448	232	93	4	19	690	36	260	4.48e-74	236	744	266	90	HIGH	Uncharacterized protein	TrEMBL
Montipora_capitata_HIv3___RNAseq.g44143.t1	A0AAU9X788	A0AAU9X788_9CNID	39.610	154	74	7	37	450	32	182	2.21e-17	84.7	459	190	90	MEDIUM	Uncharacterized protein	TrEMBL
Montipora_capitata_HIv3___RNAseq.g46195.t1	A0AAU9VLE1	A0AAU9VLE1_9CNID	40.338	1656	793	44	43	4674	5	1577	0.0	1055	4836	1634	96	HIGH	NACHT domain-containing protein	TrEMBL
Montipora_capitata_HIv3___RNAseq.g46243.t1	A0A9W9ZLI3	A0A9W9ZLI3_9CNID	53.434	597	220	17	1	1665	1	581	2.21e-167	497	1689	584	99	HIGH	Ankyrin repeat domain-containing protein 44	TrEMBL
Montipora_capitata_HIv3___RNAseq.g46562.t1	A0AAU9VJW2	A0AAU9VJW2_9CNID	78.768	763	109	6	1	2274	1	715	0.0	1181	2361	715	96	HIGH	OTU domain-containing protein	TrEMBL
Montipora_capitata_HIv3___TS.g1164.t1	A0A9W9Z9J2	A0A9W9Z9J2_9CNID	68.392	367	116	0	70	1170	206	572	0.0	540	1584	591	70	HIGH	Uncharacterized protein	TrEMBL
Montipora_capitata_HIv3___RNAseq.g46901.t1	A0AAD9Q4T6	A0AAD9Q4T6_ACRCE	71.034	145	40	2	1	429	1	145	1.70e-63	200	459	145	93	HIGH	Uncharacterized protein	TrEMBL
Montipora_capitata_HIv3___RNAseq.g47177.t1	A0AAD9QGA4	A0AAD9QGA4_ACRCE	57.632	963	348	14	85	2901	1	927	0.0	974	2940	940	96	HIGH	Uncharacterized protein	TrEMBL
Montipora_capitata_HIv3___RNAseq.g47205.t1	A0AAD9QGD9	A0AAD9QGD9_ACRCE	80.597	134	26	0	25	426	7	140	1.67e-36	131	429	140	94	HIGH	Protein C19orf12-like protein	TrEMBL
Montipora_capitata_HIv3___RNAseq.g47212.t1	A0AAD9UTT8	A0AAD9UTT8_ACRCE	91.761	352	29	0	64	1119	59	410	0.0	631	1155	525	91	HIGH	CCHC-type domain-containing protein	TrEMBL
Montipora_capitata_HIv3___RNAseq.g47230.t1	A0AAD9QG99	A0AAD9QG99_ACRCE	85.141	249	37	0	145	891	14	262	1.19e-139	404	894	262	84	HIGH	Uncharacterized protein	TrEMBL
Montipora_capitata_HIv3___RNAseq.g47249.t1	A0ABN8M1A5	A0ABN8M1A5_9CNID	75.952	420	95	2	19	1272	5	420	0.0	669	1275	420	98	HIGH	Uncharacterized protein	TrEMBL
Montipora_capitata_HIv3___TS.g1630.t1b	A0ABN8M5G7	A0ABN8M5G7_9CNID	84.082	245	39	0	16	750	301	545	2.21e-124	373	753	545	98	HIGH	Uncharacterized protein	TrEMBL
Montipora_capitata_HIv3___TS.g1676.t1	A0AAD9UT24	A0AAD9UT24_ACRCE	91.667	60	5	0	61	240	264	323	1.36e-29	119	336	377	54	MEDIUM	TNF receptor-associated factor 5	TrEMBL
Montipora_capitata_HIv3___RNAseq.g47551.t1	A0ABN8SMS7	A0ABN8SMS7_9CNID	62.795	594	221	0	1	1782	1	594	0.0	766	1836	597	97	HIGH	Uncharacterized protein	TrEMBL
Montipora_capitata_HIv3___RNAseq.g47555.t1	A0ABN8SMS7	A0ABN8SMS7_9CNID	63.406	593	212	1	1	1764	1	593	0.0	795	1821	597	97	HIGH	Uncharacterized protein	TrEMBL
Montipora_capitata_HIv3___TS.g2415.t1	A0AAD9V0M3	A0AAD9V0M3_ACRCE	73.354	319	85	0	1	957	1	319	2.27e-175	498	966	323	99	HIGH	Uncharacterized protein	TrEMBL
Montipora_capitata_HIv3___RNAseq.g49111.t1	A0AAD9Q6R8	A0AAD9Q6R8_ACRCE	53.239	1065	469	9	40	3171	4	1060	0.0	1154	3180	1062	98	HIGH	Uncharacterized protein	TrEMBL
Montipora_capitata_HIv3___RNAseq.g49215.t2	A0AAD9QVB9	A0AAD9QVB9_ACRCE	47.545	387	148	5	424	1527	1	351	8.47e-63	218	1530	351	72	HIGH	Uncharacterized protein	TrEMBL
Montipora_capitata_HIv3___RNAseq.g49269.t1	A0A4D6NTG1	A0A4D6NTG1_VIGUN	23.704	405	295	11	2985	4157	466	870	7.40e-11	79.7	5097	1297	34	LOW	Protein Networked NET	TrEMBL
Montipora_capitata_HIv3___RNAseq.g49357.t1	A0A2B4SFH7	A0A2B4SFH7_STYPI	67.857	140	45	0	1	420	564	703	4.41e-50	193	1248	1352	34	LOW	CCHC-type domain-containing protein	TrEMBL
Montipora_capitata_HIv3___RNAseq.g49470.t1	A0AAU9WLQ3	A0AAU9WLQ3_9CNID	59.919	247	94	4	4	738	154	397	4.99e-102	311	750	405	98	HIGH	Cyclic GMP-AMP synthase	TrEMBL
Montipora_capitata_HIv3___RNAseq.g49570.t1	A0AAU9WRT2	A0AAU9WRT2_9CNID	45.070	71	34	2	1	213	1	66	5.13e-08	57.8	285	163	75	LOW	GIY-YIG domain-containing protein	TrEMBL
Montipora_capitata_HIv3___TS.g3940.t1	A0A9W9YLQ2	A0A9W9YLQ2_9CNID	51.389	72	31	2	1	213	1	69	8.68e-12	65.5	276	90	77	MEDIUM	Uncharacterized protein	TrEMBL
Montipora_capitata_HIv3___TS.g4459.t1	A0ABN8N842	A0ABN8N842_9CNID	51.341	261	126	1	22	804	148	407	2.47e-82	263	825	409	95	HIGH	Uncharacterized protein	TrEMBL
Montipora_capitata_HIv3___RNAseq.g50188.t1	A0ABN8RJQ8	A0ABN8RJQ8_9CNID	93.491	338	17	2	1	1014	1	333	0.0	600	1020	610	99	HIGH	Uncharacterized protein	TrEMBL
Montipora_capitata_HIv3___RNAseq.g50189.t2	A0AAD9PYE1	A0AAD9PYE1_ACRCE	78.250	400	61	6	1	1179	244	624	0.0	574	1362	631	87	HIGH	Uncharacterized protein	TrEMBL
Montipora_capitata_HIv3___RNAseq.g8248.t1	A0AAD9QLW7	A0AAD9QLW7_ACRCE	97.753	89	2	0	205	471	35	123	2.62e-54	177	474	152	56	MEDIUM	Uncharacterized protein	TrEMBL
Montipora_capitata_HIv3___TS.g20609.t1	A0AAD9Q2Y7	A0AAD9Q2Y7_ACRCE	45.902	61	33	0	16	198	4	64	4.26e-21	67.0	525	106	58	MEDIUM	Myb/SANT-like DNA-binding domain-containing protein 4	TrEMBL
Montipora_capitata_HIv3___RNAseq.g18694.t1	A0ABN8PDT0	A0ABN8PDT0_9CNID	57.778	45	19	0	96	230	3	47	4.94e-09	58.9	234	130	58	LOW	Uncharacterized protein (Fragment)	TrEMBL
Montipora_capitata_HIv3___RNAseq.g50544.t1	A0ABN8LGP8	A0ABN8LGP8_9CNID	62.500	384	144	0	1	1152	1	384	5.86e-154	451	1314	409	88	HIGH	Uncharacterized protein	TrEMBL
Montipora_capitata_HIv3___RNAseq.g7802.t1	A0AAD9R529	A0AAD9R529_ACRCE	44.493	227	117	3	31	702	82	302	6.90e-49	175	729	397	92	HIGH	Uncharacterized protein	TrEMBL
Montipora_capitata_HIv3___RNAseq.g45677.t1	A0ABN8LI73	A0ABN8LI73_9CNID	66.667	174	58	0	1	522	325	498	7.24e-74	257	885	1634	59	MEDIUM	Uncharacterized protein (Fragment)	TrEMBL
Montipora_capitata_HIv3___RNAseq.g3698.t1	A0ABN8MZG3	A0ABN8MZG3_9CNID	46.536	664	247	14	205	1905	28	680	0.0	551	1908	680	89	HIGH	Uncharacterized protein (Fragment)	TrEMBL
Montipora_capitata_HIv3___RNAseq.g8074.t1	A0AAD9PQQ4	A0AAD9PQQ4_ACRCE	81.910	199	23	1	442	1038	2	187	6.12e-108	325	1272	187	47	LOW	Core-binding (CB) domain-containing protein (Fragment)	TrEMBL
Montipora_capitata_HIv3___RNAseq.g18979.t1	A0AAU9WQM6	A0AAU9WQM6_9CNID	90.833	240	21	1	82	801	1	239	2.72e-133	385	804	239	90	HIGH	Replication protein A subunit	TrEMBL
Montipora_capitata_HIv3___RNAseq.g18980.t1	A0A3M6TRZ7	A0A3M6TRZ7_POCDA	93.548	124	8	0	331	702	118	241	4.25e-65	229	1026	791	36	LOW	Helitron helicase-like domain-containing protein	TrEMBL
Montipora_capitata_HIv3___RNAseq.g12236.t1	A0ABN8NP41	A0ABN8NP41_9CNID	70.588	204	58	1	598	1209	350	551	1.19e-91	296	1218	554	65	HIGH	Uncharacterized protein	TrEMBL
Montipora_capitata_HIv3___RNAseq.g53.t1	A0ABN8N6N7	A0ABN8N6N7_9CNID	63.492	126	43	3	13	384	31	155	8.91e-46	155	402	166	93	HIGH	Uncharacterized protein	TrEMBL
Montipora_capitata_HIv3___TS.g10910.t1	A0A9X0D2D2	A0A9X0D2D2_9CNID	85.276	163	24	0	877	1365	5	167	2.07e-97	300	1374	186	36	LOW	Uncharacterized protein	TrEMBL
Montipora_capitata_HIv3___RNAseq.g4551.t1	A0AAD9Q295	A0AAD9Q295_ACRCE	47.826	138	62	4	46	429	85	222	6.95e-25	106	483	287	80	HIGH	Uncharacterized protein	TrEMBL
Montipora_capitata_HIv3___TS.g23611.t1	A0A913X095	A0A913X095_EXADI	50.622	241	84	4	265	897	1	236	7.65e-72	234	924	321	69	HIGH	Tyr recombinase domain-containing protein	TrEMBL
Montipora_capitata_HIv3___RNAseq.g8395.t2c	A0AAU9XDF6	A0AAU9XDF6_9CNID	48.929	280	82	7	43	708	705	981	2.67e-60	215	726	1179	92	HIGH	Chondroitin sulfate ABC lyase	TrEMBL
Montipora_capitata_HIv3___RNAseq.g8230.t1	A0AAD9R4V3	A0AAD9R4V3_ACRCE	45.370	216	106	2	52	669	94	307	1.44e-46	171	723	508	85	HIGH	Uncharacterized protein	TrEMBL
Montipora_capitata_HIv3___TS.g45113.t1	A0AAD9PQ95	A0AAD9PQ95_ACRCE	95.833	120	5	0	199	558	180	299	1.93e-69	237	1746	335	27	LOW	Uncharacterized protein (Fragment)	TrEMBL
Montipora_capitata_HIv3___RNAseq.g8556.t1	A0ABN8RKY0	A0ABN8RKY0_9CNID	64.394	264	64	6	478	1260	162	398	8.40e-75	248	1263	398	62	HIGH	Uncharacterized protein	TrEMBL
Montipora_capitata_HIv3___RNAseq.g4350.t1	A0AAU9VY65	A0AAU9VY65_9CNID	65.611	221	68	2	49	708	1	214	2.80e-92	291	1695	214	39	LOW	Uncharacterized protein	TrEMBL
Montipora_capitata_HIv3___TS.g10703.t1	A0ABN8Q2N7	A0ABN8Q2N7_9CNID	65.049	206	60	2	202	819	1	194	1.11e-80	251	822	194	75	HIGH	Uncharacterized protein (Fragment)	TrEMBL
Montipora_capitata_HIv3___RNAseq.g29808.t1	A0AAD9QDY1	A0AAD9QDY1_ACRCE	39.080	435	222	9	1	1254	1	409	6.08e-76	262	2199	460	57	MEDIUM	Uncharacterized protein	TrEMBL
Montipora_capitata_HIv3___TS.g14153.t1	A0A2B4SAE8	A0A2B4SAE8_STYPI	46.020	402	176	7	256	1371	15	405	7.70e-82	274	1464	568	76	HIGH	RING-type domain-containing protein	TrEMBL
Montipora_capitata_HIv3___RNAseq.g4250.t1	A0AAD9QF79	A0AAD9QF79_ACRCE	84.848	726	42	6	1	1974	1	726	0.0	1086	1977	726	99	HIGH	G2/M phase-specific E3 ubiquitin-protein ligase	TrEMBL
Montipora_capitata_HIv3___TS.g4832.t1	A0AAD9QNM7	A0AAD9QNM7_ACRCE	64.975	394	86	8	1	1074	1	378	1.05e-146	429	1077	378	99	HIGH	Integrase catalytic domain-containing protein	TrEMBL
Montipora_capitata_HIv3___RNAseq.g27158.t1	A0AAD9R529	A0AAD9R529_ACRCE	53.659	164	72	1	19	510	96	255	1.09e-50	177	522	397	94	HIGH	Uncharacterized protein	TrEMBL
Montipora_capitata_HIv3___RNAseq.g178.t1	A0A6S7IXL1	A0A6S7IXL1_PARCT	34.866	522	269	13	1	1410	208	710	3.07e-90	305	1917	738	74	MEDIUM	Uncharacterized protein (Fragment)	TrEMBL
Montipora_capitata_HIv3___RNAseq.g3719.t1	A0AAD9V2X3	A0AAD9V2X3_ACRCE	75.522	1054	68	8	1087	4239	1	867	0.0	1424	4245	868	74	HIGH	Integrase catalytic domain-containing protein	TrEMBL
Montipora_capitata_HIv3___RNAseq.g12285.t1	A0AAD9QTG9	A0AAD9QTG9_ACRCE	76.325	566	128	2	1	1695	31	591	0.0	904	1698	591	99	HIGH	Uncharacterized protein	TrEMBL
Montipora_capitata_HIv3___RNAseq.g8270.t1	A0ABN8RKY0	A0ABN8RKY0_9CNID	69.091	275	33	3	34	723	93	360	1.88e-63	213	738	398	93	HIGH	Uncharacterized protein	TrEMBL
Montipora_capitata_HIv3___RNAseq.g34887.t1	A0A7D9LCU7	A0A7D9LCU7_PARCT	47.826	115	54	3	1	330	397	510	1.67e-22	101	363	526	91	HIGH	DNA 3'-5' helicase (Fragment)	TrEMBL
Montipora_capitata_HIv3___TS.g37848.t1	A0ABN8NRT0	A0ABN8NRT0_9CNID	39.167	120	65	2	25	363	1	119	4.74e-24	100	507	122	67	MEDIUM	Uncharacterized protein (Fragment)	TrEMBL
Montipora_capitata_HIv3___RNAseq.g34772.t1	A0A2B4SI97	A0A2B4SI97_STYPI	87.028	424	55	0	226	1497	1	424	0.0	748	1563	448	81	HIGH	Uncharacterized protein (Fragment)	TrEMBL
Montipora_capitata_HIv3___RNAseq.g8322.t1	A0AAD9URV9	A0AAD9URV9_ACRCE	51.701	147	45	2	10	378	3	147	7.52e-40	143	390	261	95	HIGH	Myb/SANT-like DNA-binding domain-containing protein	TrEMBL
Montipora_capitata_HIv3___TS.g19457.t1	A0A9W9ZRU7	A0A9W9ZRU7_9CNID	82.857	210	36	0	379	1008	193	402	4.25e-125	374	1011	402	99	HIGH	Integrase catalytic domain-containing protein	TrEMBL
Montipora_capitata_HIv3___RNAseq.g50692.t1	A0A3M6UKY3	A0A3M6UKY3_POCDA	72.973	37	10	0	3	113	19	55	9.13e-08	55.8	222	143	50	LOW	Uncharacterized protein	TrEMBL
Montipora_capitata_HIv3___RNAseq.g27335.t1	A0A2B4SR79	A0A2B4SR79_STYPI	62.632	190	49	3	73	597	217	399	1.81e-62	219	597	1175	88	HIGH	Iron/zinc purple acid phosphatase-like protein	TrEMBL
Montipora_capitata_HIv3___RNAseq.g27546.t1	A0A9X0DD10	A0A9X0DD10_9CNID	63.690	336	115	4	1	987	1	336	2.73e-87	275	990	336	99	HIGH	Surfeit locus protein	TrEMBL
Montipora_capitata_HIv3___RNAseq.g45687.t1	A0ABN8R0D8	A0ABN8R0D8_9CNID	83.113	302	48	2	1	906	1	299	1.04e-159	456	909	299	99	HIGH	Uncharacterized protein	TrEMBL
Montipora_capitata_HIv3___RNAseq.g23752.t1	A0A9X0D2D2	A0A9X0D2D2_9CNID	75.532	94	23	0	952	1233	1	94	5.17e-42	156	1284	186	22	LOW	Uncharacterized protein	TrEMBL
Montipora_capitata_HIv3___RNAseq.g40061.t1	A0ABN8Q498	A0ABN8Q498_9CNID	88.636	44	5	0	156	287	42	85	1.31e-14	77.8	354	284	37	LOW	Uncharacterized protein (Fragment)	TrEMBL
Montipora_capitata_HIv3___RNAseq.g40062.t1	A0ABN8Q498	A0ABN8Q498_9CNID	72.093	86	21	1	1	249	199	284	3.66e-23	99.0	252	284	99	HIGH	Uncharacterized protein (Fragment)	TrEMBL
Montipora_capitata_HIv3___RNAseq.g40065.t1	A0AAD9PY51	A0AAD9PY51_ACRCE	62.906	585	200	6	418	2130	496	1077	0.0	774	2133	1078	80	HIGH	ZAD domain-containing protein	TrEMBL
Montipora_capitata_HIv3___RNAseq.g15404.t1	A0A9X0CVZ9	A0A9X0CVZ9_9CNID	67.241	58	17	2	220	390	28	84	2.04e-14	75.1	474	106	36	LOW	Uncharacterized protein	TrEMBL
Montipora_capitata_HIv3___RNAseq.g29793.t4	A0ABN8RMD5	A0ABN8RMD5_9CNID	57.037	810	217	10	538	2619	232	1026	0.0	869	2682	1040	78	HIGH	Uncharacterized protein (Fragment)	TrEMBL
Montipora_capitata_HIv3___RNAseq.g3828.t2	A0A9X0A6J8	A0A9X0A6J8_9CNID	45.872	218	111	3	355	990	180	396	4.01e-49	178	996	396	64	HIGH	Uncharacterized protein	TrEMBL
Montipora_capitata_HIv3___RNAseq.g29822.t1	A0ABN8Q4D2	A0ABN8Q4D2_9CNID	95.109	184	9	0	1093	1644	1	184	4.93e-122	366	1647	184	34	LOW	Uncharacterized protein	TrEMBL
Montipora_capitata_HIv3___RNAseq.g45759.t1	A0AAD9USQ2	A0AAD9USQ2_ACRCE	85.965	114	16	0	1	342	261	374	3.71e-34	130	348	374	98	HIGH	Uncharacterized protein	TrEMBL
Montipora_capitata_HIv3___TS.g83.t1	A0ABN8MI75	A0ABN8MI75_9CNID	45.665	346	176	5	103	1137	5	339	1.28e-83	286	2166	576	48	LOW	Uncharacterized protein (Fragment)	TrEMBL
Montipora_capitata_HIv3___RNAseq.g3970.t1	A0AAD9R529	A0AAD9R529_ACRCE	44.231	312	144	4	115	999	94	392	2.25e-73	242	1029	397	86	HIGH	Uncharacterized protein	TrEMBL
Montipora_capitata_HIv3___RNAseq.g8474.t1	A0A2B4SH87	A0A2B4SH87_STYPI	51.741	201	76	4	1	591	214	397	6.37e-44	174	1866	511	32	LOW	HRAS-like suppressor 3	TrEMBL
