"baseMean","log2FoldChange","lfcSE","stat","pvalue","padj","gene_id","uniprot_acc","uniprot_entry","pident","align_length","mismatch","gapopen","qstart","qend","sstart","send","evalue","bitscore","qlen","slen","qcovs","quality_tier","description","source","organism","season","category","short_name"
117.976403437298,-4.48920684400706,0.372452984052999,-12.0530833050548,1.86828115609273e-33,6.16666230164606e-30,"Montipora_capitata_HIv3___TS.g33283.t2","P00606","PA2A_BUNMU",48.649,111,55,1,160,492,28,136,1.11e-31,114,516,145,65,"HIGH","Acidic phospholipase A2","SwissProt","Host","Summer","Other Transport","PA2A_BUNMU"
652.406078721448,12.7504899151756,1.47985547977066,8.61603723435993,6.93112262292706e-18,5.33811960675766e-15,"Montipora_capitata_HIv3___RNAseq.g49577.t1","Q5TM20","TNFB_MACMU",28.931,159,87,7,49,474,56,205,4.68e-08,53.5,477,205,89,"LOW","Lymphotoxin-alpha","SwissProt","Host","Summer","Other Transport","TNFB_MACMU"
56.6320006322052,-4.31498846159666,0.51071730855161,-8.44887844869392,2.94114482481927e-17,1.83662570749862e-14,"Montipora_capitata_HIv3___RNAseq.g36845.t1","Q767F1","JHAMT_BOMMO",31.69,142,86,3,112,510,35,174,9.07e-15,75.9,840,278,48,"LOW","Juvenile hormone acid O-methyltransferase","SwissProt","Host","Summer","Other Transport","JHAMT_BOMMO"
117.640470874579,4.73388053111974,0.59678799791201,7.93226497128331,2.15184697995996e-15,1.01466172391785e-12,"Montipora_capitata_HIv3___RNAseq.g30230.t1","Q5R2J2","G3P_PELSI",74.763,317,78,2,4,954,1,315,1.21e-173,488,1032,333,92,"HIGH","Glyceraldehyde-3-phosphate dehydrogenase","SwissProt","Host","Summer","Other Transport","G3P_PELSI"
204.718309800275,2.49784947325372,0.362970361320114,6.88168991035274,5.91466545679021e-12,1.62688506403736e-09,"Montipora_capitata_HIv3___RNAseq.g5348.t1","Q7Z494","NPHP3_HUMAN",25.6,375,243,6,133,1164,961,1330,4.47e-26,115,1383,1330,87,"LOW","Nephrocystin-3","SwissProt","Host","Summer","Other Transport","NPHP3_HUMAN"
49.7092496319241,4.73618165405495,0.70685303798805,6.70037673960598,2.07882886605402e-11,4.95168463403898e-09,"Montipora_capitata_HIv3___RNAseq.g23762.t1","Q5R739","JOS1_PONAB",45.714,175,94,1,4,525,25,199,5.11e-53,171,573,202,91,"HIGH","Josephin-1","SwissProt","Host","Summer","Other Transport","JOS1_PONAB"
164.127124844925,1.76294232964927,0.265168214480716,6.64839235389382,2.96311567765172e-11,6.84627877321431e-09,"Montipora_capitata_HIv3___RNAseq.g5395.t1","Q15256","PTPRR_HUMAN",40.695,489,235,16,565,1929,180,647,7.28e-92,301,2001,657,68,"HIGH","Receptor-type tyrosine-protein phosphatase R","SwissProt","Host","Summer","Other Transport","PTPRR_HUMAN"
33.6229754622305,8.46976827192742,1.33053116848206,6.36570451903819,1.94395351234679e-10,4.01027195560469e-08,"Montipora_capitata_HIv3___RNAseq.g46820.t1","Q28E28","PPR3B_XENTR",41.379,174,91,6,139,630,77,249,1.29e-28,112,705,301,70,"HIGH","Protein phosphatase 1 regulatory subunit 3B","SwissProt","Host","Summer","Other Transport","PPR3B_XENTR"
38.3923325224412,6.18252169255226,0.973179841611768,6.35290768283162,2.11282527108439e-10,4.32007326446061e-08,"Montipora_capitata_HIv3___RNAseq.g16878.t1","A0A7D9M514","A0A7D9M514_PARCT",39.153,189,113,2,1,567,41,227,2.03e-38,152,1395,314,41,"LOW","Transient receptor potential cation channel subfamily A member 1 (Fragment)","TrEMBL","Host","Summer","Other Transport","A0A7D9M514_PARCT"
28.1634348744556,8.21864845188095,1.37821588992412,5.9632518475269,2.47266858555123e-09,4.2141033035451e-07,"Montipora_capitata_HIv3___RNAseq.g4221.t1","Q5F4A1","G2E3_CHICK",21.359,309,193,8,496,1302,389,687,3.84e-11,69.3,1470,742,55,"LOW","G2/M phase-specific E3 ubiquitin-protein ligase","SwissProt","Host","Summer","Other Transport","G2E3_CHICK"
28.6434594966446,-8.34652274534024,1.43670305809032,-5.80949744509802,6.2660650339747e-09,1.01242959867123e-06,"Montipora_capitata_HIv3___TS.g14199.t1","Q5F4A1","G2E3_CHICK",20.386,363,259,13,1276,2343,400,739,4.82e-07,57.4,2358,742,45,"LOW","G2/M phase-specific E3 ubiquitin-protein ligase","SwissProt","Host","Summer","Other Transport","G2E3_CHICK"
30.7630256986517,-3.44960131408534,0.606593910687003,-5.68683802014838,1.29413096533369e-08,1.90451566586209e-06,"Montipora_capitata_HIv3___TS.g41895.t1","Q505D1","ANR28_MOUSE",28.244,262,169,6,145,927,45,288,2.34e-18,90.1,1056,1053,85,"LOW","Serine/threonine-protein phosphatase 6 regulatory ankyrin repeat subunit A","SwissProt","Host","Summer","Other Transport","ANR28_MOUSE"
68.127191006671,2.73735257016278,0.484144984999391,5.653993441998,1.56762194355504e-08,2.22005577031123e-06,"Montipora_capitata_HIv3___RNAseq.g2640.t1a","Q61830","MRC1_MOUSE",31.228,285,171,8,400,1197,209,487,4.38e-35,148,2595,1456,46,"LOW","Macrophage mannose receptor 1","SwissProt","Host","Summer","Other Transport","MRC1_MOUSE"
29.5703335675884,-5.55697847486259,1.00293118690166,-5.54073753756693,3.01200367473497e-08,3.97670542312865e-06,"Montipora_capitata_HIv3___TS.g44077.t1","Q5F4A1","G2E3_CHICK",20.492,366,257,15,1276,2349,400,739,2.26e-06,55.1,2364,742,45,"LOW","G2/M phase-specific E3 ubiquitin-protein ligase","SwissProt","Host","Summer","Other Transport","G2E3_CHICK"
359.035800837787,1.10867613371341,0.204064257959525,5.43297559699703,5.54219894856369e-08,7.03585201684418e-06,"Montipora_capitata_HIv3___RNAseq.g36836.t1","Q8VDI9","ALG9_MOUSE",55.24,563,247,3,118,1803,52,610,0,604,1830,611,92,"HIGH","Alpha-1,2-mannosyltransferase ALG9","SwissProt","Host","Summer","Other Transport","ALG9_MOUSE"
985.928475199046,0.968846960190458,0.179130819106464,5.40860006682957,6.35192938949057e-08,7.89039400775159e-06,"Montipora_capitata_HIv3___RNAseq.g13558.t1","O62826","TRPC2_BOVIN",24.88,209,131,5,1420,2007,61,256,5.21e-13,76.3,3171,432,19,"LOW","Short transient receptor potential channel 2 homolog","SwissProt","Host","Summer","Other Transport","TRPC2_BOVIN"
256.7222127877,1.15932081870911,0.219130873024199,5.29054077460404,1.21955228605504e-07,1.43034292229958e-05,"Montipora_capitata_HIv3___RNAseq.g24139.t1","Q924A5","S36A1_RAT",44.366,426,211,4,217,1425,38,460,8.79e-108,331,1449,475,83,"HIGH","Proton-coupled amino acid transporter 1","SwissProt","Host","Summer","H+ ATPase","S36A1_RAT"
99.9040948044922,-2.10906807832782,0.399397478744504,-5.28062441695333,1.28744363772708e-07,1.49616737956817e-05,"Montipora_capitata_HIv3___RNAseq.g12807.t1","P0DP43","CTSRE_MOUSE",29.518,332,208,12,67,1035,617,931,1.45e-39,153,1149,985,84,"LOW","Cation channel sperm-associated auxiliary subunit epsilon","SwissProt","Host","Summer","Other Transport","CTSRE_MOUSE"
108.261760652805,-4.44104823441976,0.863596138689523,-5.14250589535856,2.71097932354188e-07,2.8998693180757e-05,"Montipora_capitata_HIv3___RNAseq.g30901.t1","B1VEI4","MSHA_CORU7",25.837,418,256,21,724,1860,22,424,4.51e-14,79,2601,424,44,"LOW","D-inositol 3-phosphate glycosyltransferase","SwissProt","Host","Summer","Other Transport","MSHA_CORU7"
1182.508819799,-1.23927502182943,0.247772395686987,-5.00166702748847,5.68366941990419e-07,5.58813540199517e-05,"Montipora_capitata_HIv3___TS.g7322.t1","Q1EHB4","SC5AC_HUMAN",37.479,603,351,11,16,1803,5,588,5.57e-107,338,1806,618,99,"MEDIUM","Sodium-coupled monocarboxylate transporter 2","SwissProt","Host","Summer","Na+ Transport","SC5AC_HUMAN"
273.042712652,-1.63839470802929,0.343792521180179,-4.76564964940184,1.88246116244144e-06,0.000162292034172423,"Montipora_capitata_HIv3___RNAseq.g19570.t1","A0AAD9V8N4","A0AAD9V8N4_ACRCE",72.781,169,43,2,1,498,556,724,1.21e-75,250,513,780,97,"HIGH","Glycine betaine transporter OpuD","TrEMBL","Host","Summer","Other Transport","A0AAD9V8N4_ACRCE"
41.1051042791978,6.28783945766881,1.34486336088339,4.67544855526332,2.93311801283459e-06,0.000242034613166226,"Montipora_capitata_HIv3___RNAseq.g19793.t1","Q87PP5","BCCT1_VIBPA",35.963,431,230,7,109,1383,167,557,9.85e-81,268,1803,562,71,"MEDIUM","Glycine betaine/proline/choline/ectoine transporter VP1456","SwissProt","Host","Summer","Other Transport","BCCT1_VIBPA"
20.3974514935128,4.949151021054,1.06618367439385,4.64193097297961,3.4516818109586e-06,0.000279828449972627,"Montipora_capitata_HIv3___RNAseq.g14568.t1","A0AAU9VZL3","A0AAU9VZL3_9CNID",61.429,70,26,1,4,213,5,73,1.7e-20,89,384,96,55,"MEDIUM","PHD-type domain-containing protein","TrEMBL","Host","Summer","Other Transport","A0AAU9VZL3_9CNID"
275.891083323452,1.07531912688759,0.237963461648399,4.51884133571909,6.21789676815041e-06,0.000463433886542307,"Montipora_capitata_HIv3___TS.g4543.t1","O88871","GABR2_RAT",37.584,298,175,3,88,981,457,743,2.61e-57,206,1290,940,69,"MEDIUM","Gamma-aminobutyric acid type B receptor subunit 2","SwissProt","Host","Summer","Other Transport","GABR2_RAT"
217.118427863196,2.89106119278926,0.640580231193547,4.51319140367874,6.38593417126948e-06,0.000474427681759426,"Montipora_capitata_HIv3___RNAseq.g27709.t1","P18433","PTPRA_HUMAN",53.659,41,19,0,3,125,735,775,1.06e-07,57.4,1074,802,11,"LOW","Receptor-type tyrosine-protein phosphatase alpha","SwissProt","Host","Summer","Other Transport","PTPRA_HUMAN"
141.953009619649,-1.30308709292623,0.291749962575544,-4.46645161981404,7.95276364270515e-06,0.000576857957096255,"Montipora_capitata_HIv3___RNAseq.g3112.t1","P20645","MPRD_HUMAN",41.667,72,42,0,589,804,175,246,1.67e-06,52,855,277,25,"LOW","Cation-dependent mannose-6-phosphate receptor","SwissProt","Host","Summer","Other Transport","MPRD_HUMAN"
547.230048105129,1.3814247455365,0.313371282846752,4.40826846987144,1.04200332043469e-05,0.000727356094218838,"Montipora_capitata_HIv3___RNAseq.g49548.t1b","Q90805","CNG1_CHICK",30.879,421,264,12,589,1824,244,646,6.68e-51,196,3444,735,72,"MEDIUM","Cyclic nucleotide-gated channel cone photoreceptor subunit alpha","SwissProt","Host","Summer","Other Transport","CNG1_CHICK"
178.411291357082,2.88878730257899,0.660346743967346,4.37465214899559,1.21626267579555e-05,0.000828960151158002,"Montipora_capitata_HIv3___RNAseq.g36907.t1","Q6PEH9","S39AA_DANRE",44.025,159,81,4,439,900,686,841,4.2e-31,126,918,847,50,"MEDIUM","Zinc transporter ZIP10","SwissProt","Host","Summer","Other Transport","S39AA_DANRE"
434.416316468247,-3.47219408889022,0.82669316251484,-4.20010016573457,2.66796923639464e-05,0.00163077855044704,"Montipora_capitata_HIv3___RNAseq.g24095.t1","P97819","PLPL9_MOUSE",51.864,295,137,2,1564,2433,512,806,1.2e-96,322,2436,807,83,"HIGH","85/88 kDa calcium-independent phospholipase A2","SwissProt","Host","Summer","Other Transport","PLPL9_MOUSE"
12928.8693881226,0.52106643106324,0.125086130580272,4.16566112202866,3.10451570887427e-05,0.00186796446493594,"Montipora_capitata_HIv3___RNAseq.g44814.t1","Q9XTA5","HIF1A_BOVIN",40.548,365,197,6,208,1263,7,364,3.08e-76,265,2181,823,48,"LOW","Hypoxia-inducible factor 1-alpha","SwissProt","Host","Summer","Other Transport","HIF1A_BOVIN"
79.4671775502798,-1.22003471991186,0.293040586890808,-4.16336430682371,3.13592419452981e-05,0.00188196177960029,"Montipora_capitata_HIv3___TS.g46118.t1","A0A3M6USR2","A0A3M6USR2_POCDA",69.444,36,11,0,257,364,3575,3610,1.77e-06,56.6,393,3614,27,"LOW","AAA+ ATPase domain-containing protein","TrEMBL","Host","Summer","Other Transport","A0A3M6USR2_POCDA"
145.098769276402,2.26908604551149,0.548657264198719,4.13570765134287,3.53862461690968e-05,0.00209059739812218,"Montipora_capitata_HIv3___RNAseq.g8250.t1b","Q9UNQ0","ABCG2_HUMAN",50.556,540,260,3,28,1641,60,594,1.64e-179,524,1692,655,95,"HIGH","Broad substrate specificity ATP-binding cassette transporter ABCG2","SwissProt","Host","Summer","Other Transport","ABCG2_HUMAN"
31.723520491827,2.06212254589932,0.507388144728089,4.06419142292814,4.81992579341409e-05,0.00277025834469732,"Montipora_capitata_HIv3___RNAseq.34213_t","O15247","CLIC2_HUMAN",30.769,234,138,3,19,663,12,240,3.35e-16,78.6,696,247,93,"MEDIUM","Chloride intracellular channel protein 2","SwissProt","Host","Summer","Cl- Transport","CLIC2_HUMAN"
286.809675243749,-1.28912468014067,0.322686866067911,-3.994971025159,6.47021654018741e-05,0.00356506018131418,"Montipora_capitata_HIv3___RNAseq.g50170.t1","O75899","GABR2_HUMAN",26.368,603,368,14,379,2049,173,745,1.08e-52,201,2319,941,72,"LOW","Gamma-aminobutyric acid type B receptor subunit 2","SwissProt","Host","Summer","Other Transport","GABR2_HUMAN"
34.5021189785869,4.72057219572963,1.1845146112014,3.98523762483753,6.74126294776523e-05,0.00368219575432898,"Montipora_capitata_HIv3___RNAseq.g27335.t1","A0A2B4SR79","A0A2B4SR79_STYPI",62.632,190,49,3,73,597,217,399,1.81e-62,219,597,1175,88,"HIGH","Iron/zinc purple acid phosphatase-like protein","TrEMBL","Host","Summer","Other Transport","A0A2B4SR79_STYPI"
107.079851424901,2.56105409408742,0.643922739982514,3.97726922046109,6.97112244992173e-05,0.00379876849541136,"Montipora_capitata_HIv3___RNAseq.g13213.t1","A0AAD9VC57","A0AAD9VC57_ACRCE",74.539,271,67,2,124,930,7,277,9.19e-152,436,951,296,85,"HIGH","Phytanoyl-CoA dioxygenase","TrEMBL","Host","Summer","Other Transport","A0AAD9VC57_ACRCE"
847.788339964132,-1.99100974635002,0.505954604475041,-3.93515491061855,8.31430507823763e-05,0.00441613836396967,"Montipora_capitata_HIv3___RNAseq.33535_t","Q8IVG5","SAM9L_HUMAN",26.084,1522,896,61,2338,6591,186,1582,1.19e-83,309,6903,1584,62,"LOW","Sterile alpha motif domain-containing protein 9-like","SwissProt","Host","Summer","Other Transport","SAM9L_HUMAN"
16.814221725716,-3.29424402623934,0.838354258693368,-3.92941765617513,8.51518292921324e-05,0.00449523926717122,"Montipora_capitata_HIv3___RNAseq.g4250.t1","A0AAD9QF79","A0AAD9QF79_ACRCE",84.848,726,42,6,1,1974,1,726,0,1086,1977,726,99,"HIGH","G2/M phase-specific E3 ubiquitin-protein ligase","TrEMBL","Host","Summer","Other Transport","A0AAD9QF79_ACRCE"
213.706906750545,0.908616761529072,0.232200660845748,3.9130670783606,9.11312066614423e-05,0.00477457263018735,"Montipora_capitata_HIv3___TS.g28207.t1a","Q71RS6","NCKX5_HUMAN",40.043,462,254,5,226,1548,39,498,1.18e-122,372,1557,500,85,"HIGH","Sodium/potassium/calcium exchanger 5","SwissProt","Host","Summer","Na+/K+ ATPase","NCKX5_HUMAN"
971.621872374437,-0.890846435324198,0.228192861531752,-3.90391894533582,9.46474905306602e-05,0.00490320688051772,"Montipora_capitata_HIv3___RNAseq.g19323.t1","A1L314","MPEG1_MOUSE",38.579,718,371,15,100,2214,43,703,2.24e-156,474,2241,713,94,"MEDIUM","Macrophage-expressed gene 1 protein","SwissProt","Host","Summer","Other Transport","MPEG1_MOUSE"
124.409089541577,-3.62379181595344,0.930038380479503,-3.89638953833831,9.76373076663055e-05,0.00502318237244521,"Montipora_capitata_HIv3___TS.g13432.t1","F1R8P4","GLRA2_DANRE",34.444,270,165,7,2413,3204,175,438,4.47e-35,143,3207,449,25,"LOW","Glycine receptor subunit alpha-2","SwissProt","Host","Summer","Other Transport","GLRA2_DANRE"
12.6287685587355,6.06725600541965,1.56187105048219,3.88460750555979,0.000102495332962195,0.00522771449909829,"Montipora_capitata_HIv3___TS.g19443.t1","Q4R9C4","G2E3_MACFA",24.839,310,213,9,241,1140,348,647,1.94e-14,79.3,1305,706,69,"LOW","G2/M phase-specific E3 ubiquitin-protein ligase","SwissProt","Host","Summer","Other Transport","G2E3_MACFA"
722.016609804839,-1.87011540901227,0.483271577842668,-3.86969872583962,0.000108969927722497,0.00547336995658325,"Montipora_capitata_HIv3___RNAseq.g41416.t2a","B3EWZ9","HEPHL_ACRMI",54.771,1090,474,10,28,3270,6,1085,0,1250,3474,1114,93,"HIGH","Hephaestin-like protein","SwissProt","Host","Summer","Other Transport","HEPHL_ACRMI"
14.5919207084027,3.12777968504568,0.809158311665922,3.86547309710766,0.000110874070614563,0.00554490346655731,"Montipora_capitata_HIv3___RNAseq.g30993.t1","P30437","CP17A_ONCMY",35.275,309,190,6,34,942,199,503,1.67e-56,194,951,514,96,"MEDIUM","Steroid 17-alpha-hydroxylase/17,20 lyase","SwissProt","Host","Summer","Other Transport","CP17A_ONCMY"
63.5281769555909,-2.82909650605195,0.739315238692248,-3.82664438387101,0.00012990196852673,0.00635886648900446,"Montipora_capitata_HIv3___RNAseq.g20246.t1","Q5F4A1","G2E3_CHICK",34.715,193,121,4,970,1548,389,576,7.21e-22,103,1596,742,36,"LOW","G2/M phase-specific E3 ubiquitin-protein ligase","SwissProt","Host","Summer","Other Transport","G2E3_CHICK"
147.54858353231,1.18509083510329,0.31297249118955,3.78656549206285,0.000152743851394431,0.00729162538526512,"Montipora_capitata_HIv3___RNAseq.g50166.t1","Q9UBS5","GABR1_HUMAN",26.385,758,467,19,22,2136,164,883,1.27e-61,226,2139,961,99,"LOW","Gamma-aminobutyric acid type B receptor subunit 1","SwissProt","Host","Summer","Other Transport","GABR1_HUMAN"
472.280154549877,-1.17674994168092,0.315608676874194,-3.72850947361625,0.000192615669086328,0.00879522734039447,"Montipora_capitata_HIv3___TS.g40633.t1","A6NMZ7","CO6A6_HUMAN",24.917,1200,801,34,571,3996,27,1184,1.95e-57,228,23757,2263,99,"LOW","Collagen alpha-6(VI) chain","SwissProt","Host","Summer","Other Transport","CO6A6_HUMAN"
1304.55584693552,-0.529510126574535,0.142142372231158,-3.72520957869917,0.000195153017071767,0.00885925963525562,"Montipora_capitata_HIv3___RNAseq.g14155.t1","Q6AZN8","ZNT6A_XENLA",54.545,330,148,1,280,1269,11,338,9.55e-114,346,1431,464,69,"HIGH","Zinc transporter 6-A","SwissProt","Host","Summer","Other Transport","ZNT6A_XENLA"
187.503447013313,0.872374747608656,0.2355321946162,3.70384502649496,0.00021235601850908,0.00956429981998497,"Montipora_capitata_HIv3___RNAseq.g40162.t1","Q9Z0U4","GABR1_RAT",27.44,707,444,19,88,2139,169,829,8.85e-58,216,2322,960,88,"LOW","Gamma-aminobutyric acid type B receptor subunit 1","SwissProt","Host","Summer","Other Transport","GABR1_RAT"
230.821559214783,0.883054727750774,0.240114703855961,3.67763703584141,0.000235404612675562,0.0104596607228247,"Montipora_capitata_HIv3___RNAseq.g26562.t1","Q8RB32","GDPD_CALS4",33.889,180,109,4,157,696,2,171,8.37e-19,88.2,1155,243,47,"LOW","Glycerophosphodiester phosphodiesterase","SwissProt","Host","Summer","Other Transport","GDPD_CALS4"
2438.73419993217,1.45897127000211,0.398372459045385,3.66232965375725,0.00024993194673319,0.0109368894493757,"Montipora_capitata_HIv3___TS.g32593.t2","Q5FWH7","S39AC_MOUSE",31.177,603,318,19,421,2157,158,687,6.22e-56,206,2175,689,80,"MEDIUM","Zinc transporter ZIP12","SwissProt","Host","Summer","Other Transport","S39AC_MOUSE"
48.422584378804,3.18915425931709,0.873262968015762,3.65199759536755,0.000260208322095106,0.0112586391048828,"Montipora_capitata_HIv3___RNAseq.g47379.t1","Q99547","MPH6_HUMAN",48.352,91,42,2,1,273,75,160,1.22e-11,60.1,276,160,99,"MEDIUM","M-phase phosphoprotein 6","SwissProt","Host","Summer","Other Transport","MPH6_HUMAN"
527.064042992672,1.00431918713062,0.276048534386727,3.63819786024885,0.000274552470609812,0.0115969558198166,"Montipora_capitata_HIv3___RNAseq.g40166.t1","O88871","GABR2_RAT",29.364,613,369,15,427,2193,172,744,3.9e-64,235,2463,940,72,"LOW","Gamma-aminobutyric acid type B receptor subunit 2","SwissProt","Host","Summer","Other Transport","GABR2_RAT"
20.0079340864305,-3.62774107583397,1.00354103851194,-3.61494043254395,0.000300416688085704,0.012425443702786,"Montipora_capitata_HIv3___RNAseq.g26824.t1","Q8H569","AKT3_ORYSJ",37.624,101,60,2,1,300,538,636,4.78e-08,52.8,321,907,93,"LOW","Potassium channel AKT3","SwissProt","Host","Summer","K+ Channel","AKT3_ORYSJ"
98.9818457237965,1.79889111481468,0.502174704518468,3.58220176888365,0.000340710474542631,0.0138107289724693,"Montipora_capitata_HIv3___TS.g1358.t1","Q9Z0U4","GABR1_RAT",22.737,475,291,14,70,1335,163,614,1.28e-22,104,1353,960,94,"LOW","Gamma-aminobutyric acid type B receptor subunit 1","SwissProt","Host","Summer","Other Transport","GABR1_RAT"
232.670867569116,1.15909872327656,0.32743162399893,3.53997182410319,0.000400169752591046,0.0158592146374205,"Montipora_capitata_HIv3___RNAseq.g33449.t1","P09487","PPBT_BOVIN",48.156,488,233,8,157,1596,19,494,1.39e-146,435,1653,524,87,"HIGH","Alkaline phosphatase, tissue-nonspecific isozyme","SwissProt","Host","Summer","Other Transport","PPBT_BOVIN"
783.52491172335,-2.86907321436636,0.815857750613035,-3.51663413408837,0.000437055765236643,0.0170865879116627,"Montipora_capitata_HIv3___RNAseq.g13826.t1","P18258","TBA1_PARLI",97.059,340,10,0,1,1020,93,432,0,671,1083,452,94,"HIGH","Tubulin alpha-1 chain","SwissProt","Host","Summer","Other Transport","TBA1_PARLI"
56.3224020933737,-1.45074720868784,0.41396567291037,-3.50451088972769,0.000457446858953697,0.0177337410673241,"Montipora_capitata_HIv3___TS.g41812.t1","A0AAD9UUQ2","A0AAD9UUQ2_ACRCE",66.667,105,35,0,1,315,13,117,5.15e-38,144,384,507,82,"HIGH","Endonuclease/exonuclease/phosphatase domain-containing protein","TrEMBL","Host","Summer","Other Transport","A0AAD9UUQ2_ACRCE"
274.114343673541,1.17694985351583,0.338303380483815,3.47897751371165,0.000503330819253725,0.0192540704947969,"Montipora_capitata_HIv3___TS.g11205.t1","A0A2P1BRQ0","CTXA_SCOPL",40.455,220,130,1,295,954,79,297,7.54e-44,174,3444,702,19,"LOW","Cytolytic toxin-alpha","SwissProt","Host","Summer","Other Transport","CTXA_SCOPL"
516.022742601112,1.18963995476407,0.342809130307674,3.47026916609938,0.000519937038833844,0.0197260185258719,"Montipora_capitata_HIv3___RNAseq.g9239.t1","Q96BD0","SO4A1_HUMAN",33.489,642,386,12,13,1887,80,697,3.41e-102,330,1983,722,95,"MEDIUM","Solute carrier organic anion transporter family member 4A1","SwissProt","Host","Summer","Cl- Transport","SO4A1_HUMAN"
93.3134512440219,-1.27574198452715,0.368455222711065,-3.46240711460227,0.00053536667091829,0.0200805956681284,"Montipora_capitata_HIv3___RNAseq.g45106.t1","Q4R9C4","G2E3_MACFA",29.859,355,214,8,769,1815,367,692,1.61e-42,166,1836,706,57,"LOW","G2/M phase-specific E3 ubiquitin-protein ligase","SwissProt","Host","Summer","Other Transport","G2E3_MACFA"
162.941248729412,-0.96388806395673,0.279344167870413,-3.45053942348234,0.00055946744871861,0.0207487887682881,"Montipora_capitata_HIv3___TS.g50674.t1","Q9BXW7","HDHD5_HUMAN",38.107,412,169,11,109,1188,41,418,1.12e-57,197,1203,423,90,"MEDIUM","Haloacid dehalogenase-like hydrolase domain-containing 5","SwissProt","Host","Summer","Other Transport","HDHD5_HUMAN"
169.993383248144,0.912379822247632,0.26827106234865,3.40096249763192,0.000671490392627247,0.0240166958539513,"Montipora_capitata_HIv3___RNAseq.g6934.t1","Q9JL55","GDE1_RAT",41.729,266,148,5,91,882,66,326,1.21e-58,194,897,331,88,"HIGH","Glycerophosphodiester phosphodiesterase 1","SwissProt","Host","Summer","Other Transport","GDE1_RAT"
79.0078798387502,1.4494290439262,0.42903460225419,3.37834998928002,0.000729222062429186,0.0257293012443206,"Montipora_capitata_HIv3___TS.g2501.t2","A4IFW2","PTPRF_DANRE",30.588,340,192,9,1051,1998,600,919,8.46e-30,132,2802,1909,34,"LOW","Receptor-type tyrosine-protein phosphatase F","SwissProt","Host","Summer","Other Transport","PTPRF_DANRE"
30.218792080795,1.63063564344234,0.483825972194518,3.37029373608484,0.000750880965146935,0.026446805944695,"Montipora_capitata_HIv3___RNAseq.g23464.t1","P97717","ADA1B_MOUSE",37.079,178,103,3,136,663,18,188,4.04e-26,108,696,514,76,"MEDIUM","Alpha-1B adrenergic receptor","SwissProt","Host","Summer","Other Transport","ADA1B_MOUSE"
215.393278439885,-0.700028330437462,0.209207728588267,-3.34609211218558,0.000819591642228722,0.0284334307713132,"Montipora_capitata_HIv3___RNAseq.g34072.t1","O75762","TRPA1_HUMAN",29.14,1081,705,23,898,4071,38,1080,3.13e-115,392,4170,1119,76,"LOW","Transient receptor potential cation channel subfamily A member 1","SwissProt","Host","Summer","Other Transport","TRPA1_HUMAN"
85.2520006480132,-2.33688026553966,0.699010558540783,-3.34312584693715,0.000828403221802237,0.02861024878885,"Montipora_capitata_HIv3___TS.g21895.t1","P08537","TBA_XENLA",94.805,77,4,0,1,231,1,77,2.96e-46,166,990,449,23,"LOW","Tubulin alpha chain","SwissProt","Host","Summer","Other Transport","TBA_XENLA"
857.63273305947,-0.668455876401874,0.200346031710784,-3.33650669640836,0.000848383848561424,0.0290829507730144,"Montipora_capitata_HIv3___RNAseq.g44719.t1","Q8NCC3","PAG15_HUMAN",42.037,383,205,6,112,1242,39,410,7.5e-106,322,1245,412,91,"HIGH","Lysosomal phospholipase A and acyltransferase","SwissProt","Host","Summer","Other Transport","PAG15_HUMAN"
30.1896517081192,4.49423739773612,1.35474628764758,3.31740152286376,0.000908589389466016,0.0306772587923891,"Montipora_capitata_HIv3___RNAseq.g13130.t1","Q4R9C4","G2E3_MACFA",24.927,341,236,11,1165,2169,357,683,2.1e-18,93.6,2217,706,45,"LOW","G2/M phase-specific E3 ubiquitin-protein ligase","SwissProt","Host","Summer","Other Transport","G2E3_MACFA"
300.96671379543,1.1420683636101,0.347681472924729,3.2848122564683,0.00102050347441097,0.0337804194502369,"Montipora_capitata_HIv3___RNAseq.g8867.t2","Q8VDP6","CDIPT_MOUSE",57.143,224,80,3,82,750,3,211,2.63e-82,248,762,213,88,"HIGH","CDP-diacylglycerol--inositol 3-phosphatidyltransferase","SwissProt","Host","Summer","Other Transport","CDIPT_MOUSE"
32.4821835283397,-3.31888048818277,1.01544342756725,-3.26840511059683,0.00108155436930086,0.0353455639359213,"Montipora_capitata_HIv3___RNAseq.g25083.t1","O14522","PTPRT_HUMAN",25.223,337,218,8,58,1026,502,818,3.2e-16,84.3,1167,1441,83,"LOW","Receptor-type tyrosine-protein phosphatase T","SwissProt","Host","Summer","Other Transport","PTPRT_HUMAN"
30.6574135406644,1.49124522977719,0.456949156518213,3.26348174300165,0.00110052274627107,0.0358640028950536,"Montipora_capitata_HIv3___TS.g22430.t1","P17972","KCNAW_DROME",36.961,441,226,11,661,1896,75,492,2.73e-79,264,2058,498,60,"MEDIUM","Potassium voltage-gated channel protein Shaw","SwissProt","Host","Summer","K+ Channel","KCNAW_DROME"
359.216194875749,0.996010621571619,0.306361144750146,3.25109968623443,0.00114959541843153,0.0372008433373396,"Montipora_capitata_HIv3___RNAseq.g44445.t1","Q3ZBG9","PLS2_BOVIN",62.232,233,88,0,40,738,59,291,3.44e-97,289,741,293,94,"HIGH","Phospholipid scramblase 2","SwissProt","Host","Summer","Other Transport","PLS2_BOVIN"
11.7090506614419,-3.85205342967306,1.18706412323931,-3.24502556707839,0.0011744007888216,0.0378445330902692,"Montipora_capitata_HIv3___RNAseq.g18596.t1","Q90632","MOT3_CHICK",26.244,442,279,6,163,1368,19,453,3.5e-33,135,1455,542,83,"LOW","Monocarboxylate transporter 3","SwissProt","Host","Summer","Other Transport","MOT3_CHICK"
30.3923465943353,2.00154036886721,0.620019890582178,3.22818735216354,0.0012457735411374,0.0396468287437736,"Montipora_capitata_HIv3___RNAseq.g23366.t1","P63138","GBRB2_RAT",34.437,302,163,5,103,906,26,326,7.97e-60,204,1194,474,67,"MEDIUM","Gamma-aminobutyric acid receptor subunit beta-2","SwissProt","Host","Summer","Other Transport","GBRB2_RAT"
110.40417855221,2.07812782673787,0.652664377372747,3.18406810419656,0.00145220841248331,0.0450379535173515,"Montipora_capitata_HIv3___RNAseq.g10728.t1","A0AAD9USN4","A0AAD9USN4_ACRCE",59.314,204,66,5,28,618,1,194,7.87e-77,238,621,194,95,"HIGH","PH domain-containing protein","TrEMBL","Host","Summer","Other Transport","A0AAD9USN4_ACRCE"
451.904896574974,0.559965577440823,0.177122945673836,3.16145135973503,0.0015698503433377,0.0477883954977832,"Montipora_capitata_HIv3___RNAseq.g24143.t1","Q6GMK0","MGT4B_DANRE",50.787,508,234,4,154,1656,45,543,0,525,1677,547,90,"HIGH","Alpha-1,3-mannosyl-glycoprotein 4-beta-N-acetylglucosaminyltransferase B","SwissProt","Host","Summer","Other Transport","MGT4B_DANRE"
346.096409092867,1.21224880698174,0.384629601290326,3.15173039962338,0.00162306057064563,0.0490206725291077,"Montipora_capitata_HIv3___RNAseq.g30392.t1","O70628","PDE9A_MOUSE",43.636,495,262,8,10,1476,11,494,3.44e-137,410,1596,534,92,"HIGH","High affinity cGMP-specific 3',5'-cyclic phosphodiesterase 9A","SwissProt","Host","Summer","Other Transport","PDE9A_MOUSE"
176.469520432201,9.25253284481508,1.10351507027076,8.38460035035579,5.08983838404704e-17,1.26968846178045e-13,"Montipora_capitata_HIv3___RNAseq.g40524.t1","Q16787","LAMA3_HUMAN",55.319,47,21,0,190,330,1263,1309,2.38e-10,59.7,351,3333,50,"LOW","Laminin subunit alpha-3","SwissProt","Host","Winter","Other Transport","LAMA3_HUMAN"
2005.87838421858,1.72456662696141,0.237605234410203,7.25811715066893,3.92515540773214e-13,4.89575911438857e-10,"Montipora_capitata_HIv3___TS.g42117.t1","Q9WVT6","CAH14_MOUSE",39.576,283,148,9,166,972,5,278,1.06e-53,184,1194,337,68,"MEDIUM","Carbonic anhydrase 14","SwissProt","Host","Winter","Carbonic Anhydrase","CAH14_MOUSE"
157.871019084633,-2.68889810964999,0.374499580358939,-7.17997629549495,6.97235067133806e-13,7.82681224611054e-10,"Montipora_capitata_HIv3___RNAseq.g13058.t1","P57788","MOT4_CHICK",25.942,451,313,10,1,1323,4,443,4.01e-35,143,2238,473,89,"LOW","Monocarboxylate transporter 4","SwissProt","Host","Winter","Other Transport","MOT4_CHICK"
51.7829751675094,3.00450678163792,0.566620188130637,5.30250570765971,1.14223894196424e-07,4.8385672615168e-05,"Montipora_capitata_HIv3___TS.g20805.t1","P20785","CO6A1_CHICK",29.843,191,102,12,220,723,824,1005,1.68e-07,55.8,828,1019,61,"LOW","Collagen alpha-1(VI) chain","SwissProt","Host","Winter","Other Transport","CO6A1_CHICK"
77.8800207877311,-2.07477885724909,0.40729614199031,-5.09403022358716,3.50530848857158e-07,0.000131162801461534,"Montipora_capitata_HIv3___RNAseq.g13056.t1","G8XYX6","MOT8_DANRE",26.562,192,135,4,4,570,317,505,8.45e-14,73.6,717,526,79,"LOW","Monocarboxylate transporter 8","SwissProt","Host","Winter","Other Transport","MOT8_DANRE"
1920.96434401003,-0.543015221431354,0.114165924576553,-4.75636862264661,1.97106411259004e-06,0.00052061600460893,"Montipora_capitata_HIv3___RNAseq.g25591.t1","Q16720","AT2B3_HUMAN",40.21,572,317,11,1951,3645,508,1061,1.24e-115,394,3864,1220,89,"HIGH","Plasma membrane calcium-transporting ATPase 3","SwissProt","Host","Winter","Ca2+ ATPase","AT2B3_HUMAN"
323.711393361859,1.75880931674748,0.380010514783481,4.62831750260806,3.68648526516385e-06,0.000940514553274928,"Montipora_capitata_HIv3___RNAseq.g9307.t1","Q9WVT6","CAH14_MOUSE",39.929,283,147,9,19,825,5,278,1.09e-54,186,1092,337,74,"MEDIUM","Carbonic anhydrase 14","SwissProt","Host","Winter","Carbonic Anhydrase","CAH14_MOUSE"
243.444553860479,-2.59006036073123,0.603190760329052,-4.29393241918743,1.75535926427474e-05,0.00375329246116496,"Montipora_capitata_HIv3___TS.g48244.t1","Q6N075","MFSD5_HUMAN",35.156,384,226,6,220,1335,26,398,9.74e-51,182,1497,450,75,"MEDIUM","Molybdate-anion transporter","SwissProt","Host","Winter","Cl- Transport","MFSD5_HUMAN"
1798.4683762682,0.604749896851412,0.141398843100735,4.27690837909174,1.89506750641871e-05,0.00397627669033706,"Montipora_capitata_HIv3___TS.g2560.t1","P23978","SC6A1_RAT",44.479,643,284,8,97,1998,1,579,0,557,2073,599,92,"HIGH","Sodium- and chloride-dependent GABA transporter 1","SwissProt","Host","Winter","Na+ Transport","SC6A1_RAT"
485.987131512836,-2.09227319220707,0.496550904914939,-4.21361268602559,2.51318109820409e-05,0.00503780614605178,"Montipora_capitata_HIv3___RNAseq.g3053.t1","Q502K3","ANR52_DANRE",27.112,1018,622,17,2950,5808,11,973,2.28e-78,287,6150,1071,64,"LOW","Serine/threonine-protein phosphatase 6 regulatory ankyrin repeat subunit C","SwissProt","Host","Winter","Other Transport","ANR52_DANRE"
424.220555718775,1.22126218741236,0.305632797022572,3.99584795646837,6.44630982289027e-05,0.0106416251348316,"Montipora_capitata_HIv3___RNAseq.g44252.t1","H1AFJ5","SCNNA_NEOFS",27.419,558,332,16,148,1671,23,557,1.09e-55,202,1716,655,89,"LOW","Epithelial sodium channel subunit alpha","SwissProt","Host","Winter","Na+ Transport","SCNNA_NEOFS"
168.603837185546,-1.08868807947773,0.278055227997176,-3.9153663368228,9.02670424536089e-05,0.0140735095147637,"Montipora_capitata_HIv3___RNAseq.g35621.t1","P98069","BMPH_STRPU",32.804,189,111,8,2401,2937,288,470,4.15e-18,95.1,7650,639,7,"LOW","Bone morphogenetic protein 1 homolog","SwissProt","Host","Winter","Other Transport","BMPH_STRPU"
163.025285868673,-2.34370649235345,0.613252489127987,-3.82176433671893,0.000132500282682774,0.0195355568952092,"Montipora_capitata_HIv3___RNAseq.g13057.t1","P57788","MOT4_CHICK",25.771,454,315,10,40,1371,17,458,1.53e-37,146,1419,473,94,"LOW","Monocarboxylate transporter 4","SwissProt","Host","Winter","Other Transport","MOT4_CHICK"
135.972796051204,2.0470012116824,0.543564130707863,3.76588721742301,0.000165958699126521,0.0231424767334753,"Montipora_capitata_HIv3___RNAseq.34213_t","O15247","CLIC2_HUMAN",30.769,234,138,3,19,663,12,240,3.35e-16,78.6,696,247,93,"MEDIUM","Chloride intracellular channel protein 2","SwissProt","Host","Winter","Cl- Transport","CLIC2_HUMAN"
1278.82221487538,0.635217212926258,0.169795316612302,3.74107617100338,0.000183233972071369,0.0249320357998442,"Montipora_capitata_HIv3___RNAseq.g401.t1","O46392","CO1A2_CANLF",35.429,350,199,7,5014,6024,1030,1365,1.21e-59,231,6030,1366,60,"MEDIUM","Collagen alpha-2(I) chain","SwissProt","Host","Winter","Other Transport","CO1A2_CANLF"
23.0747751507874,3.49197750158172,0.935633263882665,3.73220751802988,0.000189809028702297,0.0256710994180438,"Montipora_capitata_HIv3___RNAseq.g41558.t1","B3EWY6","SAAR1_ACRMI",38.532,109,63,3,133,456,113,218,7.49e-15,76.3,711,386,46,"LOW","Skeletal aspartic acid-rich protein 1","SwissProt","Host","Winter","Other Transport","SAAR1_ACRMI"
102.316191155259,1.84234620037434,0.507330609724116,3.63145090215668,0.00028183228013766,0.0347033625444896,"Montipora_capitata_HIv3___RNAseq.g40556.t1","Q64605","PTPRS_RAT",27.813,791,474,32,76,2343,162,890,1.4e-45,181,2451,1907,94,"LOW","Receptor-type tyrosine-protein phosphatase S","SwissProt","Host","Winter","Other Transport","PTPRS_RAT"
2388.27436156648,0.551454516755346,0.153287936041533,3.59750761211849,0.000321281096144974,0.0375681348414104,"Montipora_capitata_HIv3___RNAseq.g24595.t1","P54289","CA2D1_HUMAN",29.58,1119,669,33,97,3261,33,1096,1.95e-139,451,3273,1103,97,"LOW","Voltage-dependent calcium channel subunit alpha-2/delta-1","SwissProt","Host","Winter","Ca2+ Channel","CA2D1_HUMAN"
115.007400634442,4.93482700656761,1.37921847092457,3.57798790445395,0.00034624947074255,0.0390635520986984,"Montipora_capitata_HIv3___TS.g47223.t1","O73853","CP17A_ICTPU",37.166,487,298,4,43,1494,18,499,5.8e-109,336,1500,514,97,"MEDIUM","Steroid 17-alpha-hydroxylase/17,20 lyase","SwissProt","Host","Winter","Other Transport","CP17A_ICTPU"
9450.98520222862,-0.986791333095719,0.280330674095964,-3.52009760001475,0.000431388026496185,0.046562945109932,"Montipora_capitata_HIv3___TS.g32593.t2","Q5FWH7","S39AC_MOUSE",31.177,603,318,19,421,2157,158,687,6.22e-56,206,2175,689,80,"MEDIUM","Zinc transporter ZIP12","SwissProt","Host","Winter","Other Transport","S39AC_MOUSE"
278.393772885643,-1.73134810070536,0.495583022568952,-3.49355813629486,0.000476629192779433,0.0497711721260049,"Montipora_capitata_HIv3___RNAseq.g44050.t1","Q7T2B9","MTPN_DANRE",40.449,89,52,1,385,651,6,93,7.95e-14,69.3,732,118,36,"LOW","Myotrophin","SwissProt","Host","Winter","Other Transport","MTPN_DANRE"
220.130773135189,-1.72386026252321,0.15920154342823,-10.8281630027058,2.53183544475616e-27,7.34384189105973e-23,"SCF082_s2_g130","A0ABP0KE98","A0ABP0KE98_9DINO",100,160,0,0,1,480,1,160,6.94e-103,301,483,160,99,"HIGH","Sugar phosphate/phosphate translocator","TrEMBL","Symbiont","Winter","Other Transport","A0ABP0KE98_9DINO"
254.679516396186,-0.75976059558564,0.143709267764003,-5.28678913619759,1.2448199194053e-07,0.000648134826711435,"SCF082_s2419_g34880","Q90744","NAGAB_CHICK",44.889,225,73,6,733,1323,1,202,2.93e-66,171,1721,405,56,"MEDIUM","Alpha-N-acetylgalactosaminidase","SwissProt","Symbiont","Winter","Other Transport","NAGAB_CHICK"
137.122667415585,1.34008856258453,0.265137354603093,5.0543182215521,4.31930918654682e-07,0.00104404901887481,"SCF082_s2714_g36669","A0ABP0M3P6","A0ABP0M3P6_9DINO",100,896,0,0,1,2688,1,896,0,1521,2691,896,99,"HIGH","Sodium channel protein 60E (Drosophila ion channel 60) (Drosophila sodium channel 1) (Protein smell-impaired 60E) (Sodium channel 2) (DmNav2)","TrEMBL","Symbiont","Winter","Na+ Transport","A0ABP0M3P6_9DINO"
1120.51444350399,0.52505267599977,0.105598141135032,4.97217725952548,6.62051282629274e-07,0.0013716756788532,"SCF082_s326_g10224","A0ABP0MZ80","A0ABP0MZ80_9DINO",100,396,0,0,1,1188,1,396,0,716,1191,396,99,"HIGH","Autophagy-related protein 18a","TrEMBL","Symbiont","Winter","Other Transport","A0ABP0MZ80_9DINO"
790.838999845928,0.62080953463592,0.131265960491029,4.72940229373744,2.25181791965981e-06,0.00271977951179678,"SCF082_s2772_g37083","Q9C8G9","AB1C_ARATH",25.659,1025,622,40,745,3642,275,1218,1.19e-64,245,3807,1622,76,"LOW","ABC transporter C family member 1","SwissProt","Symbiont","Winter","Other Transport","AB1C_ARATH"
174.911191689514,0.89975491470378,0.19323239120438,4.65633587151607,3.21886662092991e-06,0.00281209928447775,"SCF082_s178_g6533","Q96L42","KCNH8_HUMAN",24.259,371,222,14,430,1449,210,552,5.83e-08,60.1,2025,1107,50,"LOW","Voltage-gated delayed rectifier potassium channel KCNH8","SwissProt","Symbiont","Winter","K+ Channel","KCNH8_HUMAN"
245.532256350334,0.758290330322948,0.163137526138076,4.64816617165782,3.34899077175555e-06,0.00281209928447775,"SCF082_s597_g15701","A0ABP0QUY4","A0ABP0QUY4_9DINO",100,1171,0,0,1,3513,1,1171,0,2378,3516,1171,99,"HIGH","Ephrin_rec_like domain-containing protein","TrEMBL","Symbiont","Winter","Other Transport","A0ABP0QUY4_9DINO"
234.923246279368,0.794616581723201,0.175616533549607,4.52472535280253,6.04739858205046e-06,0.00438527108177389,"SCF082_s1308_g25717","A0ABP0L1L6","A0ABP0L1L6_9DINO",100,585,0,0,1,1755,1,585,0,1092,1758,585,99,"HIGH","Sodium channel protein type 5 subunit alpha (Sodium channel protein cardiac muscle subunit alpha) (Sodium channel protein type V subunit alpha) (Voltage-gated sodium channel subunit alpha Nav1.5)","TrEMBL","Symbiont","Winter","Na+ Transport","A0ABP0L1L6_9DINO"
176.209281768297,1.10763189403869,0.245501397623906,4.51171319087772,6.4306104146244e-06,0.0045115600966352,"SCF082_s234_g7964","O88427","CAC1H_MOUSE",24.468,282,171,11,586,1410,781,1027,4.06e-09,63.9,1824,2365,45,"LOW","Voltage-dependent T-type calcium channel subunit alpha-1H","SwissProt","Symbiont","Winter","Ca2+ Channel","CAC1H_MOUSE"
170.481267870908,0.873593415911138,0.199727162755319,4.37393393997869,1.22027319231214e-05,0.00583260088391211,"SCF082_s179_g6562","Q96L42","KCNH8_HUMAN",24.259,371,222,15,430,1449,210,552,6.92e-08,60.1,2025,1107,50,"LOW","Voltage-gated delayed rectifier potassium channel KCNH8","SwissProt","Symbiont","Winter","K+ Channel","KCNH8_HUMAN"
91.3941787145196,1.20304337512976,0.275119383997407,4.3728048443911,1.22660364724071e-05,0.00583260088391211,"SCF082_s4926_g43716","Q9SQN2","FBT3_ARATH",31.217,189,118,3,343,909,271,447,1.49e-17,87,1029,497,55,"MEDIUM","Probable folate-biopterin transporter 3","SwissProt","Symbiont","Winter","Other Transport","FBT3_ARATH"
630.481397938763,0.535615479061124,0.124800370793902,4.29177794628232,1.77248154831185e-05,0.00790963073697439,"SCF082_s536_g14548","O15865","CDPK2_PLAFK",33.813,278,171,4,1846,2673,65,331,1.85e-46,178,3282,513,25,"LOW","Calcium-dependent protein kinase 2","SwissProt","Symbiont","Winter","Ca2+ Signaling","CDPK2_PLAFK"
276.730783921963,0.667943700189014,0.15638253635551,4.2712166956453,1.94409387061743e-05,0.0082927039428131,"SCF082_s1725_g29635","A0ABP0JPD7","A0ABP0JPD7_9DINO",100,851,0,0,1,2553,1,851,0,1609,2556,851,99,"HIGH","Potassium channel GORK (Fragment)","TrEMBL","Symbiont","Winter","K+ Channel","A0ABP0JPD7_9DINO"
47.9212580985413,1.85621706587079,0.435864907848625,4.25869812514352,2.05620926866561e-05,0.00845567262606107,"SCF082_s251_g8498","A0ABP0LM70","A0ABP0LM70_9DINO",100,132,0,0,1,396,1,132,1.08e-77,235,399,132,99,"HIGH","Alpha-amylase type B isozyme","TrEMBL","Symbiont","Winter","Other Transport","A0ABP0LM70_9DINO"
178.08391580568,0.820072868433259,0.195323872106904,4.19852862626243,2.68654895931153e-05,0.00987515759654948,"SCF082_s292_g9467","C9D7C2","CAC1A_APIME",23.562,365,218,16,505,1476,880,1224,2.32e-07,58.2,1770,1904,55,"LOW","Voltage-dependent calcium channel type A subunit alpha-1","SwissProt","Symbiont","Winter","Ca2+ Channel","CAC1A_APIME"
1518.41940808986,0.40907617225345,0.101886314779621,4.01502569936186,5.94393177407924e-05,0.015995005028341,"SCF082_s2992_g38221","O15865","CDPK2_PLAFK",35.255,451,264,10,2797,4098,67,506,1.24e-74,262,5562,513,48,"LOW","Calcium-dependent protein kinase 2","SwissProt","Symbiont","Winter","Ca2+ Signaling","CDPK2_PLAFK"
92.8930843448332,1.09329385233139,0.280114815660776,3.9030204445001,9.49996746876361e-05,0.0196825754570684,"SCF082_s1249_g25023","P39665","SPHX_SYNE7",23.385,325,166,8,169,1137,29,272,1.94e-13,77,4380,337,22,"LOW","Protein SphX","SwissProt","Symbiont","Winter","Other Transport","SPHX_SYNE7"
843.238975146185,0.53097726695639,0.137549120447207,3.86027380785896,0.000113260040937378,0.0229735716603468,"SCF082_s299_g9642","A0ABP0MIB5","A0ABP0MIB5_9DINO",100,1187,0,0,1,3561,1,1187,0,2308,3564,1187,99,"HIGH","Probable outer membrane protein PmpA (Polymorphic membrane protein A)","TrEMBL","Symbiont","Winter","Other Transport","A0ABP0MIB5_9DINO"
153.114065944966,0.980356346091342,0.254856406568741,3.84670081199986,0.000119719013301651,0.0239487565505357,"SCF082_s223_g7737","O15865","CDPK2_PLAFK",26.852,324,186,13,451,1368,31,321,9.59e-24,109,2373,513,39,"LOW","Calcium-dependent protein kinase 2","SwissProt","Symbiont","Winter","Ca2+ Signaling","CDPK2_PLAFK"
237.08575377856,0.669694434718732,0.174379104856015,3.84045115538183,0.000122808406484796,0.0241039320707458,"SCF082_s150_g5717","Q8H569","AKT3_ORYSJ",21.053,494,336,17,562,1965,30,495,1.43e-11,72,2286,907,61,"LOW","Potassium channel AKT3","SwissProt","Symbiont","Winter","K+ Channel","AKT3_ORYSJ"
6948.42142289128,-0.399146392066149,0.104632755139353,-3.81473651854579,0.000136328311512801,0.0255829973271484,"SCF082_s28126_g52378","P51874","PCP_SYMSP",85.577,104,15,0,1,312,262,365,1.07e-45,153,315,365,99,"HIGH","Peridinin-chlorophyll a-binding protein, chloroplastic","SwissProt","Symbiont","Winter","Other Transport","PCP_SYMSP"
620.77246702784,0.520805152847818,0.137024694889748,3.80081235186741,0.000144222491998053,0.0259612133956725,"SCF082_s19_g925","A0ABP0K7D3","A0ABP0K7D3_9DINO",100,559,0,0,1,1677,1,559,0,1046,1680,559,99,"HIGH","MFS-type efflux pump MSMEG_3705","TrEMBL","Symbiont","Winter","Other Transport","A0ABP0K7D3_9DINO"
430.369711147113,0.57554246288949,0.151358128607738,3.80252100223224,0.000143231119962035,0.0259612133956725,"SCF082_s92_g3945","P44429","ALF_HAEIN",56.897,348,148,2,349,1389,8,354,6.64e-135,419,3765,359,28,"LOW","Fructose-bisphosphate aldolase","SwissProt","Symbiont","Winter","Other Transport","ALF_HAEIN"
148.003249443539,0.909421924744222,0.241947078677536,3.7587638161,0.000170754930207149,0.0277567579584939,"SCF082_s159_g5966","Q5XF09","PT311_ARATH",26.752,157,101,3,1,441,156,308,5.21e-11,64.3,630,308,70,"LOW","Probable sugar phosphate/phosphate translocator At3g11320","SwissProt","Symbiont","Winter","Other Transport","PT311_ARATH"
252.656971933417,0.663862429317851,0.177207440590924,3.74624466728995,0.000179501526983968,0.0279773101875737,"SCF082_s513_g14125","Q75JF3","CLCC_DICDI",37.853,177,101,3,385,903,141,312,5.52e-09,63.9,2736,757,19,"LOW","Chloride channel protein C","SwissProt","Symbiont","Winter","Cl- Transport","CLCC_DICDI"
267.923739024059,0.527115145990936,0.140750364597803,3.74503574109508,0.000180368096430955,0.0279773101875737,"SCF082_s958_g21386","A0ABP0SN85","A0ABP0SN85_9DINO",100,703,0,0,1,2109,1,703,0,1171,2187,728,96,"HIGH","Voltage-dependent T-type calcium channel subunit alpha-1G (Voltage-gated calcium channel subunit alpha Cav3.1)","TrEMBL","Symbiont","Winter","Ca2+ Channel","A0ABP0SN85_9DINO"
9012.39160434009,-0.31152356524592,0.083577649680653,-3.72735493802756,0.000193499865151689,0.0287828568645636,"SCF082_s38480_g53257","Q40300","FCPF_MACPY",35.606,132,67,5,1,345,58,188,1.11e-11,63.2,439,211,79,"MEDIUM","Fucoxanthin-chlorophyll a-c binding protein F, chloroplastic (Fragment)","SwissProt","Symbiont","Winter","Other Transport","FCPF_MACPY"
980.058889375124,-0.376545321894978,0.10130071879161,-3.71710414680852,0.000201519386354006,0.0295215723261834,"SCF082_s697_g17573","L0E172","PHQN_PENFE",26.502,283,181,5,19,792,45,325,5.68e-32,123,807,326,96,"LOW","Methyltransferase phqN","SwissProt","Symbiont","Winter","Other Transport","PHQN_PENFE"
363.504867971816,0.572164408652958,0.154285703248385,3.70847328434461,0.000208512654706078,0.0300901396139528,"SCF082_s1403_g26653","A0ABP0IMC8","A0ABP0IMC8_9DINO",100,626,0,0,1,1878,1,626,0,1254,1881,626,99,"HIGH","Voltage-dependent T-type calcium channel subunit alpha-1H","TrEMBL","Symbiont","Winter","Ca2+ Channel","A0ABP0IMC8_9DINO"
3764.2334977855,-0.296146645230988,0.0801181792999715,-3.6963726312624,0.000218701902253614,0.0306457361196537,"SCF082_s20828_g51206","P51193","PSAF_PORPU",55,40,18,0,466,585,141,180,2.94e-08,55.1,615,185,20,"LOW","Photosystem I reaction center subunit III","SwissProt","Symbiont","Winter","Other Transport","PSAF_PORPU"
298.618965127131,0.663031879526464,0.179989031097075,3.68373492254017,0.000229841259608283,0.0317465503628469,"SCF082_s93_g3967","P44429","ALF_HAEIN",56.897,348,148,2,349,1389,8,354,1.55e-138,419,2634,359,40,"LOW","Fructose-bisphosphate aldolase","SwissProt","Symbiont","Winter","Other Transport","ALF_HAEIN"
8657.36759699347,-0.280456348947761,0.076280291239003,-3.67665545571961,0.000236311869723903,0.0321805732075659,"SCF082_s6009_g44918","P51874","PCP_SYMSP",86.923,130,17,0,1,390,236,365,1.57e-65,206,393,365,99,"HIGH","Peridinin-chlorophyll a-binding protein, chloroplastic","SwissProt","Symbiont","Winter","Other Transport","PCP_SYMSP"
168.328579439253,0.837219321156172,0.231695109254614,3.6134527131349,0.000302146479713043,0.0377761240972263,"SCF082_s174_g6404","A0ABP0JR97","A0ABP0JR97_9DINO",100,469,0,0,1,1407,1,469,0,894,1410,469,99,"HIGH","Sodium channel protein type 11 subunit alpha (NaN) (Sensory neuron sodium channel 2) (Sodium channel protein type XI subunit alpha) (Voltage-gated sodium channel subunit alpha Nav1.9)","TrEMBL","Symbiont","Winter","Na+ Transport","A0ABP0JR97_9DINO"
234.474691774725,0.601407760053117,0.16663472219704,3.6091383123739,0.000307215786433353,0.0381862779060948,"SCF082_s2258_g33722","P96202","PPSC_MYCTU",31.589,535,333,12,3247,4788,1456,1978,8.66e-57,222,4788,2188,55,"MEDIUM","Phenolphthiocerol/phthiocerol polyketide synthase subunit C","SwissProt","Symbiont","Winter","Other Transport","PPSC_MYCTU"
864.82983365631,0.456520527837208,0.126831263540794,3.59943215176102,0.000318912825940395,0.0388671656690214,"SCF082_s3531_g40619","A0ABP0NEP4","A0ABP0NEP4_9DINO",100,606,0,0,1,1818,1,606,0,1159,1821,606,99,"HIGH","Voltage-dependent N-type calcium channel subunit alpha-1B (Fragment)","TrEMBL","Symbiont","Winter","Ca2+ Channel","A0ABP0NEP4_9DINO"
466.661612602531,0.453510295720573,0.126238259180822,3.59249484794441,0.000327527131898023,0.0397500083172973,"SCF082_s1311_g25754","Q9H252","KCNH6_HUMAN",22.043,372,238,6,85,1095,241,595,1.15e-11,71.2,1515,958,67,"LOW","Voltage-gated inwardly rectifying potassium channel KCNH6","SwissProt","Symbiont","Winter","K+ Channel","KCNH6_HUMAN"
955.19785262538,-0.392440440546308,0.109739122199142,-3.57612155703372,0.000348729545327896,0.0417985503792601,"SCF082_s163_g6099","Q7XY82","PSBU_GRIJA",54.945,91,41,0,280,552,63,153,7.75e-32,115,555,153,49,"LOW","Photosystem II extrinsic protein U, chloroplastic","SwissProt","Symbiont","Winter","Other Transport","PSBU_GRIJA"
8325.38955676257,-0.265333123886268,0.0745779669446495,-3.55779508019029,0.000373980879356876,0.0437406830105868,"SCF082_s36642_g53145","P41203","EF1A_DESMO",34.591,159,102,2,28,504,274,430,1.57e-24,102,546,438,87,"MEDIUM","Elongation factor 1-alpha","SwissProt","Symbiont","Winter","Other Transport","EF1A_DESMO"
1273.05443751795,-0.362375662001931,0.10213898577265,-3.54786822348658,0.000388362472812478,0.0447017535174554,"SCF082_s43423_g53489","O96423","G3PG_CRIFA",82.759,116,20,0,1,348,229,344,2.96e-66,206,348,361,100,"HIGH","Glyceraldehyde-3-phosphate dehydrogenase, glycosomal","SwissProt","Symbiont","Winter","Other Transport","G3PG_CRIFA"
396.762479139492,-0.4664275130288,0.132690823987542,-3.51514520003728,0.000439513611250669,0.0479268113080334,"SCF082_s578_g15429","H3ZPL1","ARAT1_THELN",29.63,162,93,5,1,432,249,407,1.36e-10,61.6,441,417,98,"LOW","Aromatic-amino-acid aminotransferase 1","SwissProt","Symbiont","Winter","Other Transport","ARAT1_THELN"
