"baseMean","log2FoldChange","lfcSE","stat","pvalue","padj","gene_id","season","uniprot_acc","uniprot_entry","pident","align_length","mismatch","gapopen","qstart","qend","sstart","send","evalue","bitscore","qlen","slen","qcovs","quality_tier","description","source","organism","short_desc"
117.976403437298,-4.48920684400706,0.372452984052999,-12.0530833050548,1.86828115609273e-33,6.16666230164606e-30,"Montipora_capitata_HIv3___TS.g33283.t2","Summer","P00606","PA2A_BUNMU",48.649,111,55,1,160,492,28,136,1.11e-31,114,516,145,65,"HIGH","Acidic phospholipase A2","SwissProt","Host","Acidic phospholipase A2"
652.406078721448,12.7504899151756,1.47985547977066,8.61603723435993,6.93112262292706e-18,5.33811960675766e-15,"Montipora_capitata_HIv3___RNAseq.g49577.t1","Summer","Q5TM20","TNFB_MACMU",28.931,159,87,7,49,474,56,205,4.68e-08,53.5,477,205,89,"LOW","Lymphotoxin-alpha","SwissProt","Host","Lymphotoxin-alpha"
56.6320006322052,-4.31498846159666,0.51071730855161,-8.44887844869392,2.94114482481927e-17,1.83662570749862e-14,"Montipora_capitata_HIv3___RNAseq.g36845.t1","Summer","Q767F1","JHAMT_BOMMO",31.69,142,86,3,112,510,35,174,9.07e-15,75.9,840,278,48,"LOW","Juvenile hormone acid O-methyltransferase","SwissProt","Host","Juvenile hormone acid O-methyltransferase"
117.640470874579,4.73388053111974,0.59678799791201,7.93226497128331,2.15184697995996e-15,1.01466172391785e-12,"Montipora_capitata_HIv3___RNAseq.g30230.t1","Summer","Q5R2J2","G3P_PELSI",74.763,317,78,2,4,954,1,315,1.21e-173,488,1032,333,92,"HIGH","Glyceraldehyde-3-phosphate dehydrogenase","SwissProt","Host","Glyceraldehyde-3-phosphate dehydrogenase"
204.718309800275,2.49784947325372,0.362970361320114,6.88168991035274,5.91466545679021e-12,1.62688506403736e-09,"Montipora_capitata_HIv3___RNAseq.g5348.t1","Summer","Q7Z494","NPHP3_HUMAN",25.6,375,243,6,133,1164,961,1330,4.47e-26,115,1383,1330,87,"LOW","Nephrocystin-3","SwissProt","Host","Nephrocystin-3"
49.7092496319241,4.73618165405495,0.70685303798805,6.70037673960598,2.07882886605402e-11,4.95168463403898e-09,"Montipora_capitata_HIv3___RNAseq.g23762.t1","Summer","Q5R739","JOS1_PONAB",45.714,175,94,1,4,525,25,199,5.11e-53,171,573,202,91,"HIGH","Josephin-1","SwissProt","Host","Josephin-1"
164.127124844925,1.76294232964927,0.265168214480716,6.64839235389382,2.96311567765172e-11,6.84627877321431e-09,"Montipora_capitata_HIv3___RNAseq.g5395.t1","Summer","Q15256","PTPRR_HUMAN",40.695,489,235,16,565,1929,180,647,7.28e-92,301,2001,657,68,"HIGH","Receptor-type tyrosine-protein phosphatase R","SwissProt","Host","Receptor-type tyrosine-protein phosphatase R"
33.6229754622305,8.46976827192742,1.33053116848206,6.36570451903819,1.94395351234679e-10,4.01027195560469e-08,"Montipora_capitata_HIv3___RNAseq.g46820.t1","Summer","Q28E28","PPR3B_XENTR",41.379,174,91,6,139,630,77,249,1.29e-28,112,705,301,70,"HIGH","Protein phosphatase 1 regulatory subunit 3B","SwissProt","Host","Protein phosphatase 1 regulatory subunit 3B"
38.3923325224412,6.18252169255226,0.973179841611768,6.35290768283162,2.11282527108439e-10,4.32007326446061e-08,"Montipora_capitata_HIv3___RNAseq.g16878.t1","Summer","A0A7D9M514","A0A7D9M514_PARCT",39.153,189,113,2,1,567,41,227,2.03e-38,152,1395,314,41,"LOW","Transient receptor potential cation channel subfamily A member 1 (Fragment)","TrEMBL","Host","Transient receptor potential cation channel subfamily A member 1 (Fragment)"
28.1634348744556,8.21864845188095,1.37821588992412,5.9632518475269,2.47266858555123e-09,4.2141033035451e-07,"Montipora_capitata_HIv3___RNAseq.g4221.t1","Summer","Q5F4A1","G2E3_CHICK",21.359,309,193,8,496,1302,389,687,3.84e-11,69.3,1470,742,55,"LOW","G2/M phase-specific E3 ubiquitin-protein ligase","SwissProt","Host","G2/M phase-specific E3 ubiquitin-protein ligase"
28.6434594966446,-8.34652274534024,1.43670305809032,-5.80949744509802,6.2660650339747e-09,1.01242959867123e-06,"Montipora_capitata_HIv3___TS.g14199.t1","Summer","Q5F4A1","G2E3_CHICK",20.386,363,259,13,1276,2343,400,739,4.82e-07,57.4,2358,742,45,"LOW","G2/M phase-specific E3 ubiquitin-protein ligase","SwissProt","Host","G2/M phase-specific E3 ubiquitin-protein ligase"
30.7630256986517,-3.44960131408534,0.606593910687003,-5.68683802014838,1.29413096533369e-08,1.90451566586209e-06,"Montipora_capitata_HIv3___TS.g41895.t1","Summer","Q505D1","ANR28_MOUSE",28.244,262,169,6,145,927,45,288,2.34e-18,90.1,1056,1053,85,"LOW","Serine/threonine-protein phosphatase 6 regulatory ankyrin repeat subunit A","SwissProt","Host","Serine/threonine-protein phosphatase 6 regulatory ankyrin repeat subunit A"
68.127191006671,2.73735257016278,0.484144984999391,5.653993441998,1.56762194355504e-08,2.22005577031123e-06,"Montipora_capitata_HIv3___RNAseq.g2640.t1a","Summer","Q61830","MRC1_MOUSE",31.228,285,171,8,400,1197,209,487,4.38e-35,148,2595,1456,46,"LOW","Macrophage mannose receptor 1","SwissProt","Host","Macrophage mannose receptor 1"
29.5703335675884,-5.55697847486259,1.00293118690166,-5.54073753756693,3.01200367473497e-08,3.97670542312865e-06,"Montipora_capitata_HIv3___TS.g44077.t1","Summer","Q5F4A1","G2E3_CHICK",20.492,366,257,15,1276,2349,400,739,2.26e-06,55.1,2364,742,45,"LOW","G2/M phase-specific E3 ubiquitin-protein ligase","SwissProt","Host","G2/M phase-specific E3 ubiquitin-protein ligase"
359.035800837787,1.10867613371341,0.204064257959525,5.43297559699703,5.54219894856369e-08,7.03585201684418e-06,"Montipora_capitata_HIv3___RNAseq.g36836.t1","Summer","Q8VDI9","ALG9_MOUSE",55.24,563,247,3,118,1803,52,610,0,604,1830,611,92,"HIGH","Alpha-1,2-mannosyltransferase ALG9","SwissProt","Host","Alpha-1"
985.928475199046,0.968846960190458,0.179130819106464,5.40860006682957,6.35192938949057e-08,7.89039400775159e-06,"Montipora_capitata_HIv3___RNAseq.g13558.t1","Summer","O62826","TRPC2_BOVIN",24.88,209,131,5,1420,2007,61,256,5.21e-13,76.3,3171,432,19,"LOW","Short transient receptor potential channel 2 homolog","SwissProt","Host","Short transient receptor potential channel 2 homolog"
256.7222127877,1.15932081870911,0.219130873024199,5.29054077460404,1.21955228605504e-07,1.43034292229958e-05,"Montipora_capitata_HIv3___RNAseq.g24139.t1","Summer","Q924A5","S36A1_RAT",44.366,426,211,4,217,1425,38,460,8.79e-108,331,1449,475,83,"HIGH","Proton-coupled amino acid transporter 1","SwissProt","Host","Proton-coupled amino acid transporter 1"
99.9040948044922,-2.10906807832782,0.399397478744504,-5.28062441695333,1.28744363772708e-07,1.49616737956817e-05,"Montipora_capitata_HIv3___RNAseq.g12807.t1","Summer","P0DP43","CTSRE_MOUSE",29.518,332,208,12,67,1035,617,931,1.45e-39,153,1149,985,84,"LOW","Cation channel sperm-associated auxiliary subunit epsilon","SwissProt","Host","Cation channel sperm-associated auxiliary subunit epsilon"
108.261760652805,-4.44104823441976,0.863596138689523,-5.14250589535856,2.71097932354188e-07,2.8998693180757e-05,"Montipora_capitata_HIv3___RNAseq.g30901.t1","Summer","B1VEI4","MSHA_CORU7",25.837,418,256,21,724,1860,22,424,4.51e-14,79,2601,424,44,"LOW","D-inositol 3-phosphate glycosyltransferase","SwissProt","Host","D-inositol 3-phosphate glycosyltransferase"
1182.508819799,-1.23927502182943,0.247772395686987,-5.00166702748847,5.68366941990419e-07,5.58813540199517e-05,"Montipora_capitata_HIv3___TS.g7322.t1","Summer","Q1EHB4","SC5AC_HUMAN",37.479,603,351,11,16,1803,5,588,5.57e-107,338,1806,618,99,"MEDIUM","Sodium-coupled monocarboxylate transporter 2","SwissProt","Host","Sodium-coupled monocarboxylate transporter 2"
273.042712652,-1.63839470802929,0.343792521180179,-4.76564964940184,1.88246116244144e-06,0.000162292034172423,"Montipora_capitata_HIv3___RNAseq.g19570.t1","Summer","A0AAD9V8N4","A0AAD9V8N4_ACRCE",72.781,169,43,2,1,498,556,724,1.21e-75,250,513,780,97,"HIGH","Glycine betaine transporter OpuD","TrEMBL","Host","Glycine betaine transporter OpuD"
41.1051042791978,6.28783945766881,1.34486336088339,4.67544855526332,2.93311801283459e-06,0.000242034613166226,"Montipora_capitata_HIv3___RNAseq.g19793.t1","Summer","Q87PP5","BCCT1_VIBPA",35.963,431,230,7,109,1383,167,557,9.85e-81,268,1803,562,71,"MEDIUM","Glycine betaine/proline/choline/ectoine transporter VP1456","SwissProt","Host","Glycine betaine/proline/choline/ectoine transporter VP1456"
20.3974514935128,4.949151021054,1.06618367439385,4.64193097297961,3.4516818109586e-06,0.000279828449972627,"Montipora_capitata_HIv3___RNAseq.g14568.t1","Summer","A0AAU9VZL3","A0AAU9VZL3_9CNID",61.429,70,26,1,4,213,5,73,1.7e-20,89,384,96,55,"MEDIUM","PHD-type domain-containing protein","TrEMBL","Host","PHD-type domain-containing protein"
275.891083323452,1.07531912688759,0.237963461648399,4.51884133571909,6.21789676815041e-06,0.000463433886542307,"Montipora_capitata_HIv3___TS.g4543.t1","Summer","O88871","GABR2_RAT",37.584,298,175,3,88,981,457,743,2.61e-57,206,1290,940,69,"MEDIUM","Gamma-aminobutyric acid type B receptor subunit 2","SwissProt","Host","Gamma-aminobutyric acid type B receptor subunit 2"
217.118427863196,2.89106119278926,0.640580231193547,4.51319140367874,6.38593417126948e-06,0.000474427681759426,"Montipora_capitata_HIv3___RNAseq.g27709.t1","Summer","P18433","PTPRA_HUMAN",53.659,41,19,0,3,125,735,775,1.06e-07,57.4,1074,802,11,"LOW","Receptor-type tyrosine-protein phosphatase alpha","SwissProt","Host","Receptor-type tyrosine-protein phosphatase alpha"
141.953009619649,-1.30308709292623,0.291749962575544,-4.46645161981404,7.95276364270515e-06,0.000576857957096255,"Montipora_capitata_HIv3___RNAseq.g3112.t1","Summer","P20645","MPRD_HUMAN",41.667,72,42,0,589,804,175,246,1.67e-06,52,855,277,25,"LOW","Cation-dependent mannose-6-phosphate receptor","SwissProt","Host","Cation-dependent mannose-6-phosphate receptor"
547.230048105129,1.3814247455365,0.313371282846752,4.40826846987144,1.04200332043469e-05,0.000727356094218838,"Montipora_capitata_HIv3___RNAseq.g49548.t1b","Summer","Q90805","CNG1_CHICK",30.879,421,264,12,589,1824,244,646,6.68e-51,196,3444,735,72,"MEDIUM","Cyclic nucleotide-gated channel cone photoreceptor subunit alpha","SwissProt","Host","Cyclic nucleotide-gated channel cone photoreceptor subunit alpha"
178.411291357082,2.88878730257899,0.660346743967346,4.37465214899559,1.21626267579555e-05,0.000828960151158002,"Montipora_capitata_HIv3___RNAseq.g36907.t1","Summer","Q6PEH9","S39AA_DANRE",44.025,159,81,4,439,900,686,841,4.2e-31,126,918,847,50,"MEDIUM","Zinc transporter ZIP10","SwissProt","Host","Zinc transporter ZIP10"
434.416316468247,-3.47219408889022,0.82669316251484,-4.20010016573457,2.66796923639464e-05,0.00163077855044704,"Montipora_capitata_HIv3___RNAseq.g24095.t1","Summer","P97819","PLPL9_MOUSE",51.864,295,137,2,1564,2433,512,806,1.2e-96,322,2436,807,83,"HIGH","85/88 kDa calcium-independent phospholipase A2","SwissProt","Host","85/88 kDa calcium-independent phospholipase A2"
12928.8693881226,0.52106643106324,0.125086130580272,4.16566112202866,3.10451570887427e-05,0.00186796446493594,"Montipora_capitata_HIv3___RNAseq.g44814.t1","Summer","Q9XTA5","HIF1A_BOVIN",40.548,365,197,6,208,1263,7,364,3.08e-76,265,2181,823,48,"LOW","Hypoxia-inducible factor 1-alpha","SwissProt","Host","Hypoxia-inducible factor 1-alpha"
79.4671775502798,-1.22003471991186,0.293040586890808,-4.16336430682371,3.13592419452981e-05,0.00188196177960029,"Montipora_capitata_HIv3___TS.g46118.t1","Summer","A0A3M6USR2","A0A3M6USR2_POCDA",69.444,36,11,0,257,364,3575,3610,1.77e-06,56.6,393,3614,27,"LOW","AAA+ ATPase domain-containing protein","TrEMBL","Host","AAA+ ATPase domain-containing protein"
145.098769276402,2.26908604551149,0.548657264198719,4.13570765134287,3.53862461690968e-05,0.00209059739812218,"Montipora_capitata_HIv3___RNAseq.g8250.t1b","Summer","Q9UNQ0","ABCG2_HUMAN",50.556,540,260,3,28,1641,60,594,1.64e-179,524,1692,655,95,"HIGH","Broad substrate specificity ATP-binding cassette transporter ABCG2","SwissProt","Host","Broad substrate specificity ATP-binding cassette transporter ABCG2"
31.723520491827,2.06212254589932,0.507388144728089,4.06419142292814,4.81992579341409e-05,0.00277025834469732,"Montipora_capitata_HIv3___RNAseq.34213_t","Summer","O15247","CLIC2_HUMAN",30.769,234,138,3,19,663,12,240,3.35e-16,78.6,696,247,93,"MEDIUM","Chloride intracellular channel protein 2","SwissProt","Host","Chloride intracellular channel protein 2"
286.809675243749,-1.28912468014067,0.322686866067911,-3.994971025159,6.47021654018741e-05,0.00356506018131418,"Montipora_capitata_HIv3___RNAseq.g50170.t1","Summer","O75899","GABR2_HUMAN",26.368,603,368,14,379,2049,173,745,1.08e-52,201,2319,941,72,"LOW","Gamma-aminobutyric acid type B receptor subunit 2","SwissProt","Host","Gamma-aminobutyric acid type B receptor subunit 2"
34.5021189785869,4.72057219572963,1.1845146112014,3.98523762483753,6.74126294776523e-05,0.00368219575432898,"Montipora_capitata_HIv3___RNAseq.g27335.t1","Summer","A0A2B4SR79","A0A2B4SR79_STYPI",62.632,190,49,3,73,597,217,399,1.81e-62,219,597,1175,88,"HIGH","Iron/zinc purple acid phosphatase-like protein","TrEMBL","Host","Iron/zinc purple acid phosphatase-like protein"
107.079851424901,2.56105409408742,0.643922739982514,3.97726922046109,6.97112244992173e-05,0.00379876849541136,"Montipora_capitata_HIv3___RNAseq.g13213.t1","Summer","A0AAD9VC57","A0AAD9VC57_ACRCE",74.539,271,67,2,124,930,7,277,9.19e-152,436,951,296,85,"HIGH","Phytanoyl-CoA dioxygenase","TrEMBL","Host","Phytanoyl-CoA dioxygenase"
847.788339964132,-1.99100974635002,0.505954604475041,-3.93515491061855,8.31430507823763e-05,0.00441613836396967,"Montipora_capitata_HIv3___RNAseq.33535_t","Summer","Q8IVG5","SAM9L_HUMAN",26.084,1522,896,61,2338,6591,186,1582,1.19e-83,309,6903,1584,62,"LOW","Sterile alpha motif domain-containing protein 9-like","SwissProt","Host","Sterile alpha motif domain-containing protein 9-like"
16.814221725716,-3.29424402623934,0.838354258693368,-3.92941765617513,8.51518292921324e-05,0.00449523926717122,"Montipora_capitata_HIv3___RNAseq.g4250.t1","Summer","A0AAD9QF79","A0AAD9QF79_ACRCE",84.848,726,42,6,1,1974,1,726,0,1086,1977,726,99,"HIGH","G2/M phase-specific E3 ubiquitin-protein ligase","TrEMBL","Host","G2/M phase-specific E3 ubiquitin-protein ligase"
213.706906750545,0.908616761529072,0.232200660845748,3.9130670783606,9.11312066614423e-05,0.00477457263018735,"Montipora_capitata_HIv3___TS.g28207.t1a","Summer","Q71RS6","NCKX5_HUMAN",40.043,462,254,5,226,1548,39,498,1.18e-122,372,1557,500,85,"HIGH","Sodium/potassium/calcium exchanger 5","SwissProt","Host","Sodium/potassium/calcium exchanger 5"
971.621872374437,-0.890846435324198,0.228192861531752,-3.90391894533582,9.46474905306602e-05,0.00490320688051772,"Montipora_capitata_HIv3___RNAseq.g19323.t1","Summer","A1L314","MPEG1_MOUSE",38.579,718,371,15,100,2214,43,703,2.24e-156,474,2241,713,94,"MEDIUM","Macrophage-expressed gene 1 protein","SwissProt","Host","Macrophage-expressed gene 1 protein"
124.409089541577,-3.62379181595344,0.930038380479503,-3.89638953833831,9.76373076663055e-05,0.00502318237244521,"Montipora_capitata_HIv3___TS.g13432.t1","Summer","F1R8P4","GLRA2_DANRE",34.444,270,165,7,2413,3204,175,438,4.47e-35,143,3207,449,25,"LOW","Glycine receptor subunit alpha-2","SwissProt","Host","Glycine receptor subunit alpha-2"
12.6287685587355,6.06725600541965,1.56187105048219,3.88460750555979,0.000102495332962195,0.00522771449909829,"Montipora_capitata_HIv3___TS.g19443.t1","Summer","Q4R9C4","G2E3_MACFA",24.839,310,213,9,241,1140,348,647,1.94e-14,79.3,1305,706,69,"LOW","G2/M phase-specific E3 ubiquitin-protein ligase","SwissProt","Host","G2/M phase-specific E3 ubiquitin-protein ligase"
722.016609804839,-1.87011540901227,0.483271577842668,-3.86969872583962,0.000108969927722497,0.00547336995658325,"Montipora_capitata_HIv3___RNAseq.g41416.t2a","Summer","B3EWZ9","HEPHL_ACRMI",54.771,1090,474,10,28,3270,6,1085,0,1250,3474,1114,93,"HIGH","Hephaestin-like protein","SwissProt","Host","Hephaestin-like protein"
14.5919207084027,3.12777968504568,0.809158311665922,3.86547309710766,0.000110874070614563,0.00554490346655731,"Montipora_capitata_HIv3___RNAseq.g30993.t1","Summer","P30437","CP17A_ONCMY",35.275,309,190,6,34,942,199,503,1.67e-56,194,951,514,96,"MEDIUM","Steroid 17-alpha-hydroxylase/17,20 lyase","SwissProt","Host","Steroid 17-alpha-hydroxylase/17"
63.5281769555909,-2.82909650605195,0.739315238692248,-3.82664438387101,0.00012990196852673,0.00635886648900446,"Montipora_capitata_HIv3___RNAseq.g20246.t1","Summer","Q5F4A1","G2E3_CHICK",34.715,193,121,4,970,1548,389,576,7.21e-22,103,1596,742,36,"LOW","G2/M phase-specific E3 ubiquitin-protein ligase","SwissProt","Host","G2/M phase-specific E3 ubiquitin-protein ligase"
147.54858353231,1.18509083510329,0.31297249118955,3.78656549206285,0.000152743851394431,0.00729162538526512,"Montipora_capitata_HIv3___RNAseq.g50166.t1","Summer","Q9UBS5","GABR1_HUMAN",26.385,758,467,19,22,2136,164,883,1.27e-61,226,2139,961,99,"LOW","Gamma-aminobutyric acid type B receptor subunit 1","SwissProt","Host","Gamma-aminobutyric acid type B receptor subunit 1"
472.280154549877,-1.17674994168092,0.315608676874194,-3.72850947361625,0.000192615669086328,0.00879522734039447,"Montipora_capitata_HIv3___TS.g40633.t1","Summer","A6NMZ7","CO6A6_HUMAN",24.917,1200,801,34,571,3996,27,1184,1.95e-57,228,23757,2263,99,"LOW","Collagen alpha-6(VI) chain","SwissProt","Host","Collagen alpha-6(VI) chain"
1304.55584693552,-0.529510126574535,0.142142372231158,-3.72520957869917,0.000195153017071767,0.00885925963525562,"Montipora_capitata_HIv3___RNAseq.g14155.t1","Summer","Q6AZN8","ZNT6A_XENLA",54.545,330,148,1,280,1269,11,338,9.55e-114,346,1431,464,69,"HIGH","Zinc transporter 6-A","SwissProt","Host","Zinc transporter 6-A"
187.503447013313,0.872374747608656,0.2355321946162,3.70384502649496,0.00021235601850908,0.00956429981998497,"Montipora_capitata_HIv3___RNAseq.g40162.t1","Summer","Q9Z0U4","GABR1_RAT",27.44,707,444,19,88,2139,169,829,8.85e-58,216,2322,960,88,"LOW","Gamma-aminobutyric acid type B receptor subunit 1","SwissProt","Host","Gamma-aminobutyric acid type B receptor subunit 1"
230.821559214783,0.883054727750774,0.240114703855961,3.67763703584141,0.000235404612675562,0.0104596607228247,"Montipora_capitata_HIv3___RNAseq.g26562.t1","Summer","Q8RB32","GDPD_CALS4",33.889,180,109,4,157,696,2,171,8.37e-19,88.2,1155,243,47,"LOW","Glycerophosphodiester phosphodiesterase","SwissProt","Host","Glycerophosphodiester phosphodiesterase"
2438.73419993217,1.45897127000211,0.398372459045385,3.66232965375725,0.00024993194673319,0.0109368894493757,"Montipora_capitata_HIv3___TS.g32593.t2","Summer","Q5FWH7","S39AC_MOUSE",31.177,603,318,19,421,2157,158,687,6.22e-56,206,2175,689,80,"MEDIUM","Zinc transporter ZIP12","SwissProt","Host","Zinc transporter ZIP12"
48.422584378804,3.18915425931709,0.873262968015762,3.65199759536755,0.000260208322095106,0.0112586391048828,"Montipora_capitata_HIv3___RNAseq.g47379.t1","Summer","Q99547","MPH6_HUMAN",48.352,91,42,2,1,273,75,160,1.22e-11,60.1,276,160,99,"MEDIUM","M-phase phosphoprotein 6","SwissProt","Host","M-phase phosphoprotein 6"
527.064042992672,1.00431918713062,0.276048534386727,3.63819786024885,0.000274552470609812,0.0115969558198166,"Montipora_capitata_HIv3___RNAseq.g40166.t1","Summer","O88871","GABR2_RAT",29.364,613,369,15,427,2193,172,744,3.9e-64,235,2463,940,72,"LOW","Gamma-aminobutyric acid type B receptor subunit 2","SwissProt","Host","Gamma-aminobutyric acid type B receptor subunit 2"
20.0079340864305,-3.62774107583397,1.00354103851194,-3.61494043254395,0.000300416688085704,0.012425443702786,"Montipora_capitata_HIv3___RNAseq.g26824.t1","Summer","Q8H569","AKT3_ORYSJ",37.624,101,60,2,1,300,538,636,4.78e-08,52.8,321,907,93,"LOW","Potassium channel AKT3","SwissProt","Host","Potassium channel AKT3"
98.9818457237965,1.79889111481468,0.502174704518468,3.58220176888365,0.000340710474542631,0.0138107289724693,"Montipora_capitata_HIv3___TS.g1358.t1","Summer","Q9Z0U4","GABR1_RAT",22.737,475,291,14,70,1335,163,614,1.28e-22,104,1353,960,94,"LOW","Gamma-aminobutyric acid type B receptor subunit 1","SwissProt","Host","Gamma-aminobutyric acid type B receptor subunit 1"
232.670867569116,1.15909872327656,0.32743162399893,3.53997182410319,0.000400169752591046,0.0158592146374205,"Montipora_capitata_HIv3___RNAseq.g33449.t1","Summer","P09487","PPBT_BOVIN",48.156,488,233,8,157,1596,19,494,1.39e-146,435,1653,524,87,"HIGH","Alkaline phosphatase, tissue-nonspecific isozyme","SwissProt","Host","Alkaline phosphatase"
783.52491172335,-2.86907321436636,0.815857750613035,-3.51663413408837,0.000437055765236643,0.0170865879116627,"Montipora_capitata_HIv3___RNAseq.g13826.t1","Summer","P18258","TBA1_PARLI",97.059,340,10,0,1,1020,93,432,0,671,1083,452,94,"HIGH","Tubulin alpha-1 chain","SwissProt","Host","Tubulin alpha-1 chain"
56.3224020933737,-1.45074720868784,0.41396567291037,-3.50451088972769,0.000457446858953697,0.0177337410673241,"Montipora_capitata_HIv3___TS.g41812.t1","Summer","A0AAD9UUQ2","A0AAD9UUQ2_ACRCE",66.667,105,35,0,1,315,13,117,5.15e-38,144,384,507,82,"HIGH","Endonuclease/exonuclease/phosphatase domain-containing protein","TrEMBL","Host","Endonuclease/exonuclease/phosphatase domain-containing protein"
274.114343673541,1.17694985351583,0.338303380483815,3.47897751371165,0.000503330819253725,0.0192540704947969,"Montipora_capitata_HIv3___TS.g11205.t1","Summer","A0A2P1BRQ0","CTXA_SCOPL",40.455,220,130,1,295,954,79,297,7.54e-44,174,3444,702,19,"LOW","Cytolytic toxin-alpha","SwissProt","Host","Cytolytic toxin-alpha"
516.022742601112,1.18963995476407,0.342809130307674,3.47026916609938,0.000519937038833844,0.0197260185258719,"Montipora_capitata_HIv3___RNAseq.g9239.t1","Summer","Q96BD0","SO4A1_HUMAN",33.489,642,386,12,13,1887,80,697,3.41e-102,330,1983,722,95,"MEDIUM","Solute carrier organic anion transporter family member 4A1","SwissProt","Host","Solute carrier organic anion transporter family member 4A1"
93.3134512440219,-1.27574198452715,0.368455222711065,-3.46240711460227,0.00053536667091829,0.0200805956681284,"Montipora_capitata_HIv3___RNAseq.g45106.t1","Summer","Q4R9C4","G2E3_MACFA",29.859,355,214,8,769,1815,367,692,1.61e-42,166,1836,706,57,"LOW","G2/M phase-specific E3 ubiquitin-protein ligase","SwissProt","Host","G2/M phase-specific E3 ubiquitin-protein ligase"
162.941248729412,-0.96388806395673,0.279344167870413,-3.45053942348234,0.00055946744871861,0.0207487887682881,"Montipora_capitata_HIv3___TS.g50674.t1","Summer","Q9BXW7","HDHD5_HUMAN",38.107,412,169,11,109,1188,41,418,1.12e-57,197,1203,423,90,"MEDIUM","Haloacid dehalogenase-like hydrolase domain-containing 5","SwissProt","Host","Haloacid dehalogenase-like hydrolase domain-containing 5"
169.993383248144,0.912379822247632,0.26827106234865,3.40096249763192,0.000671490392627247,0.0240166958539513,"Montipora_capitata_HIv3___RNAseq.g6934.t1","Summer","Q9JL55","GDE1_RAT",41.729,266,148,5,91,882,66,326,1.21e-58,194,897,331,88,"HIGH","Glycerophosphodiester phosphodiesterase 1","SwissProt","Host","Glycerophosphodiester phosphodiesterase 1"
79.0078798387502,1.4494290439262,0.42903460225419,3.37834998928002,0.000729222062429186,0.0257293012443206,"Montipora_capitata_HIv3___TS.g2501.t2","Summer","A4IFW2","PTPRF_DANRE",30.588,340,192,9,1051,1998,600,919,8.46e-30,132,2802,1909,34,"LOW","Receptor-type tyrosine-protein phosphatase F","SwissProt","Host","Receptor-type tyrosine-protein phosphatase F"
30.218792080795,1.63063564344234,0.483825972194518,3.37029373608484,0.000750880965146935,0.026446805944695,"Montipora_capitata_HIv3___RNAseq.g23464.t1","Summer","P97717","ADA1B_MOUSE",37.079,178,103,3,136,663,18,188,4.04e-26,108,696,514,76,"MEDIUM","Alpha-1B adrenergic receptor","SwissProt","Host","Alpha-1B adrenergic receptor"
215.393278439885,-0.700028330437462,0.209207728588267,-3.34609211218558,0.000819591642228722,0.0284334307713132,"Montipora_capitata_HIv3___RNAseq.g34072.t1","Summer","O75762","TRPA1_HUMAN",29.14,1081,705,23,898,4071,38,1080,3.13e-115,392,4170,1119,76,"LOW","Transient receptor potential cation channel subfamily A member 1","SwissProt","Host","Transient receptor potential cation channel subfamily A member 1"
85.2520006480132,-2.33688026553966,0.699010558540783,-3.34312584693715,0.000828403221802237,0.02861024878885,"Montipora_capitata_HIv3___TS.g21895.t1","Summer","P08537","TBA_XENLA",94.805,77,4,0,1,231,1,77,2.96e-46,166,990,449,23,"LOW","Tubulin alpha chain","SwissProt","Host","Tubulin alpha chain"
857.63273305947,-0.668455876401874,0.200346031710784,-3.33650669640836,0.000848383848561424,0.0290829507730144,"Montipora_capitata_HIv3___RNAseq.g44719.t1","Summer","Q8NCC3","PAG15_HUMAN",42.037,383,205,6,112,1242,39,410,7.5e-106,322,1245,412,91,"HIGH","Lysosomal phospholipase A and acyltransferase","SwissProt","Host","Lysosomal phospholipase A and acyltransferase"
30.1896517081192,4.49423739773612,1.35474628764758,3.31740152286376,0.000908589389466016,0.0306772587923891,"Montipora_capitata_HIv3___RNAseq.g13130.t1","Summer","Q4R9C4","G2E3_MACFA",24.927,341,236,11,1165,2169,357,683,2.1e-18,93.6,2217,706,45,"LOW","G2/M phase-specific E3 ubiquitin-protein ligase","SwissProt","Host","G2/M phase-specific E3 ubiquitin-protein ligase"
300.96671379543,1.1420683636101,0.347681472924729,3.2848122564683,0.00102050347441097,0.0337804194502369,"Montipora_capitata_HIv3___RNAseq.g8867.t2","Summer","Q8VDP6","CDIPT_MOUSE",57.143,224,80,3,82,750,3,211,2.63e-82,248,762,213,88,"HIGH","CDP-diacylglycerol--inositol 3-phosphatidyltransferase","SwissProt","Host","CDP-diacylglycerol--inositol 3-phosphatidyltransferase"
32.4821835283397,-3.31888048818277,1.01544342756725,-3.26840511059683,0.00108155436930086,0.0353455639359213,"Montipora_capitata_HIv3___RNAseq.g25083.t1","Summer","O14522","PTPRT_HUMAN",25.223,337,218,8,58,1026,502,818,3.2e-16,84.3,1167,1441,83,"LOW","Receptor-type tyrosine-protein phosphatase T","SwissProt","Host","Receptor-type tyrosine-protein phosphatase T"
30.6574135406644,1.49124522977719,0.456949156518213,3.26348174300165,0.00110052274627107,0.0358640028950536,"Montipora_capitata_HIv3___TS.g22430.t1","Summer","P17972","KCNAW_DROME",36.961,441,226,11,661,1896,75,492,2.73e-79,264,2058,498,60,"MEDIUM","Potassium voltage-gated channel protein Shaw","SwissProt","Host","Potassium voltage-gated channel protein Shaw"
359.216194875749,0.996010621571619,0.306361144750146,3.25109968623443,0.00114959541843153,0.0372008433373396,"Montipora_capitata_HIv3___RNAseq.g44445.t1","Summer","Q3ZBG9","PLS2_BOVIN",62.232,233,88,0,40,738,59,291,3.44e-97,289,741,293,94,"HIGH","Phospholipid scramblase 2","SwissProt","Host","Phospholipid scramblase 2"
11.7090506614419,-3.85205342967306,1.18706412323931,-3.24502556707839,0.0011744007888216,0.0378445330902692,"Montipora_capitata_HIv3___RNAseq.g18596.t1","Summer","Q90632","MOT3_CHICK",26.244,442,279,6,163,1368,19,453,3.5e-33,135,1455,542,83,"LOW","Monocarboxylate transporter 3","SwissProt","Host","Monocarboxylate transporter 3"
30.3923465943353,2.00154036886721,0.620019890582178,3.22818735216354,0.0012457735411374,0.0396468287437736,"Montipora_capitata_HIv3___RNAseq.g23366.t1","Summer","P63138","GBRB2_RAT",34.437,302,163,5,103,906,26,326,7.97e-60,204,1194,474,67,"MEDIUM","Gamma-aminobutyric acid receptor subunit beta-2","SwissProt","Host","Gamma-aminobutyric acid receptor subunit beta-2"
110.40417855221,2.07812782673787,0.652664377372747,3.18406810419656,0.00145220841248331,0.0450379535173515,"Montipora_capitata_HIv3___RNAseq.g10728.t1","Summer","A0AAD9USN4","A0AAD9USN4_ACRCE",59.314,204,66,5,28,618,1,194,7.87e-77,238,621,194,95,"HIGH","PH domain-containing protein","TrEMBL","Host","PH domain-containing protein"
451.904896574974,0.559965577440823,0.177122945673836,3.16145135973503,0.0015698503433377,0.0477883954977832,"Montipora_capitata_HIv3___RNAseq.g24143.t1","Summer","Q6GMK0","MGT4B_DANRE",50.787,508,234,4,154,1656,45,543,0,525,1677,547,90,"HIGH","Alpha-1,3-mannosyl-glycoprotein 4-beta-N-acetylglucosaminyltransferase B","SwissProt","Host","Alpha-1"
346.096409092867,1.21224880698174,0.384629601290326,3.15173039962338,0.00162306057064563,0.0490206725291077,"Montipora_capitata_HIv3___RNAseq.g30392.t1","Summer","O70628","PDE9A_MOUSE",43.636,495,262,8,10,1476,11,494,3.44e-137,410,1596,534,92,"HIGH","High affinity cGMP-specific 3',5'-cyclic phosphodiesterase 9A","SwissProt","Host","High affinity cGMP-specific 3'"
176.469520432201,9.25253284481508,1.10351507027076,8.38460035035579,5.08983838404704e-17,1.26968846178045e-13,"Montipora_capitata_HIv3___RNAseq.g40524.t1","Winter","Q16787","LAMA3_HUMAN",55.319,47,21,0,190,330,1263,1309,2.38e-10,59.7,351,3333,50,"LOW","Laminin subunit alpha-3","SwissProt","Host","Laminin subunit alpha-3"
2005.87838421858,1.72456662696141,0.237605234410203,7.25811715066893,3.92515540773214e-13,4.89575911438857e-10,"Montipora_capitata_HIv3___TS.g42117.t1","Winter","Q9WVT6","CAH14_MOUSE",39.576,283,148,9,166,972,5,278,1.06e-53,184,1194,337,68,"MEDIUM","Carbonic anhydrase 14","SwissProt","Host","Carbonic anhydrase 14"
157.871019084633,-2.68889810964999,0.374499580358939,-7.17997629549495,6.97235067133806e-13,7.82681224611054e-10,"Montipora_capitata_HIv3___RNAseq.g13058.t1","Winter","P57788","MOT4_CHICK",25.942,451,313,10,1,1323,4,443,4.01e-35,143,2238,473,89,"LOW","Monocarboxylate transporter 4","SwissProt","Host","Monocarboxylate transporter 4"
51.7829751675094,3.00450678163792,0.566620188130637,5.30250570765971,1.14223894196424e-07,4.8385672615168e-05,"Montipora_capitata_HIv3___TS.g20805.t1","Winter","P20785","CO6A1_CHICK",29.843,191,102,12,220,723,824,1005,1.68e-07,55.8,828,1019,61,"LOW","Collagen alpha-1(VI) chain","SwissProt","Host","Collagen alpha-1(VI) chain"
77.8800207877311,-2.07477885724909,0.40729614199031,-5.09403022358716,3.50530848857158e-07,0.000131162801461534,"Montipora_capitata_HIv3___RNAseq.g13056.t1","Winter","G8XYX6","MOT8_DANRE",26.562,192,135,4,4,570,317,505,8.45e-14,73.6,717,526,79,"LOW","Monocarboxylate transporter 8","SwissProt","Host","Monocarboxylate transporter 8"
1920.96434401003,-0.543015221431354,0.114165924576553,-4.75636862264661,1.97106411259004e-06,0.00052061600460893,"Montipora_capitata_HIv3___RNAseq.g25591.t1","Winter","Q16720","AT2B3_HUMAN",40.21,572,317,11,1951,3645,508,1061,1.24e-115,394,3864,1220,89,"HIGH","Plasma membrane calcium-transporting ATPase 3","SwissProt","Host","Plasma membrane calcium-transporting ATPase 3"
323.711393361859,1.75880931674748,0.380010514783481,4.62831750260806,3.68648526516385e-06,0.000940514553274928,"Montipora_capitata_HIv3___RNAseq.g9307.t1","Winter","Q9WVT6","CAH14_MOUSE",39.929,283,147,9,19,825,5,278,1.09e-54,186,1092,337,74,"MEDIUM","Carbonic anhydrase 14","SwissProt","Host","Carbonic anhydrase 14"
243.444553860479,-2.59006036073123,0.603190760329052,-4.29393241918743,1.75535926427474e-05,0.00375329246116496,"Montipora_capitata_HIv3___TS.g48244.t1","Winter","Q6N075","MFSD5_HUMAN",35.156,384,226,6,220,1335,26,398,9.74e-51,182,1497,450,75,"MEDIUM","Molybdate-anion transporter","SwissProt","Host","Molybdate-anion transporter"
1798.4683762682,0.604749896851412,0.141398843100735,4.27690837909174,1.89506750641871e-05,0.00397627669033706,"Montipora_capitata_HIv3___TS.g2560.t1","Winter","P23978","SC6A1_RAT",44.479,643,284,8,97,1998,1,579,0,557,2073,599,92,"HIGH","Sodium- and chloride-dependent GABA transporter 1","SwissProt","Host","Sodium- and chloride-dependent GABA transporter 1"
485.987131512836,-2.09227319220707,0.496550904914939,-4.21361268602559,2.51318109820409e-05,0.00503780614605178,"Montipora_capitata_HIv3___RNAseq.g3053.t1","Winter","Q502K3","ANR52_DANRE",27.112,1018,622,17,2950,5808,11,973,2.28e-78,287,6150,1071,64,"LOW","Serine/threonine-protein phosphatase 6 regulatory ankyrin repeat subunit C","SwissProt","Host","Serine/threonine-protein phosphatase 6 regulatory ankyrin repeat subunit C"
424.220555718775,1.22126218741236,0.305632797022572,3.99584795646837,6.44630982289027e-05,0.0106416251348316,"Montipora_capitata_HIv3___RNAseq.g44252.t1","Winter","H1AFJ5","SCNNA_NEOFS",27.419,558,332,16,148,1671,23,557,1.09e-55,202,1716,655,89,"LOW","Epithelial sodium channel subunit alpha","SwissProt","Host","Epithelial sodium channel subunit alpha"
168.603837185546,-1.08868807947773,0.278055227997176,-3.9153663368228,9.02670424536089e-05,0.0140735095147637,"Montipora_capitata_HIv3___RNAseq.g35621.t1","Winter","P98069","BMPH_STRPU",32.804,189,111,8,2401,2937,288,470,4.15e-18,95.1,7650,639,7,"LOW","Bone morphogenetic protein 1 homolog","SwissProt","Host","Bone morphogenetic protein 1 homolog"
163.025285868673,-2.34370649235345,0.613252489127987,-3.82176433671893,0.000132500282682774,0.0195355568952092,"Montipora_capitata_HIv3___RNAseq.g13057.t1","Winter","P57788","MOT4_CHICK",25.771,454,315,10,40,1371,17,458,1.53e-37,146,1419,473,94,"LOW","Monocarboxylate transporter 4","SwissProt","Host","Monocarboxylate transporter 4"
1278.82221487538,0.635217212926258,0.169795316612302,3.74107617100338,0.000183233972071369,0.0249320357998442,"Montipora_capitata_HIv3___RNAseq.g401.t1","Winter","O46392","CO1A2_CANLF",35.429,350,199,7,5014,6024,1030,1365,1.21e-59,231,6030,1366,60,"MEDIUM","Collagen alpha-2(I) chain","SwissProt","Host","Collagen alpha-2(I) chain"
23.0747751507874,3.49197750158172,0.935633263882665,3.73220751802988,0.000189809028702297,0.0256710994180438,"Montipora_capitata_HIv3___RNAseq.g41558.t1","Winter","B3EWY6","SAAR1_ACRMI",38.532,109,63,3,133,456,113,218,7.49e-15,76.3,711,386,46,"LOW","Skeletal aspartic acid-rich protein 1","SwissProt","Host","Skeletal aspartic acid-rich protein 1"
102.316191155259,1.84234620037434,0.507330609724116,3.63145090215668,0.00028183228013766,0.0347033625444896,"Montipora_capitata_HIv3___RNAseq.g40556.t1","Winter","Q64605","PTPRS_RAT",27.813,791,474,32,76,2343,162,890,1.4e-45,181,2451,1907,94,"LOW","Receptor-type tyrosine-protein phosphatase S","SwissProt","Host","Receptor-type tyrosine-protein phosphatase S"
2388.27436156648,0.551454516755346,0.153287936041533,3.59750761211849,0.000321281096144974,0.0375681348414104,"Montipora_capitata_HIv3___RNAseq.g24595.t1","Winter","P54289","CA2D1_HUMAN",29.58,1119,669,33,97,3261,33,1096,1.95e-139,451,3273,1103,97,"LOW","Voltage-dependent calcium channel subunit alpha-2/delta-1","SwissProt","Host","Voltage-dependent calcium channel subunit alpha-2/delta-1"
115.007400634442,4.93482700656761,1.37921847092457,3.57798790445395,0.00034624947074255,0.0390635520986984,"Montipora_capitata_HIv3___TS.g47223.t1","Winter","O73853","CP17A_ICTPU",37.166,487,298,4,43,1494,18,499,5.8e-109,336,1500,514,97,"MEDIUM","Steroid 17-alpha-hydroxylase/17,20 lyase","SwissProt","Host","Steroid 17-alpha-hydroxylase/17"
278.393772885643,-1.73134810070536,0.495583022568952,-3.49355813629486,0.000476629192779433,0.0497711721260049,"Montipora_capitata_HIv3___RNAseq.g44050.t1","Winter","Q7T2B9","MTPN_DANRE",40.449,89,52,1,385,651,6,93,7.95e-14,69.3,732,118,36,"LOW","Myotrophin","SwissProt","Host","Myotrophin"
